scenario,scale,rule,ort_feasible,droc_feasible,ort_served_rate,droc_served_rate,served_gain_pp,ort_runtime,droc_runtime,runtime_ratio
ORTEC-SYNTH-300-s101_dyn5e,300,latest,True,True,1.0,1.0033,0.33000000000000806,13.31,616.03,46.28324567993989
ORTEC-SYNTH-300-s101_dyn5e,300,retry,True,True,1.0,1.0033,0.33000000000000806,13.31,561.56,42.19083395942899
ORTEC-SYNTH-300-s100_dyn5e,300,latest,True,True,1.0,1.0033,0.33000000000000806,14.31,603.89,42.20055904961565
ORTEC-SYNTH-300-s100_dyn5e,300,retry,True,True,1.0,1.0033,0.33000000000000806,14.31,559.62,39.10691823899371
ORTEC-SYNTH-300-s103_dyn5e,300,latest,True,True,1.0,1.0033,0.33000000000000806,40.3,662.62,16.442183622828786
ORTEC-SYNTH-300-s103_dyn5e,300,retry,True,True,1.0,1.0033,0.33000000000000806,40.3,593.5,14.727047146401986
ORTEC-SYNTH-300-s102_dyn5e,300,latest,True,True,1.0,1.0033,0.33000000000000806,40.59,597.23,14.713722591771372
ORTEC-SYNTH-300-s102_dyn5e,300,retry,True,True,1.0,1.0033,0.33000000000000806,40.59,583.94,14.386302044838631
ORTEC-SYNTH-300-s104_dyn5e,300,latest,True,True,1.0,1.0033,0.33000000000000806,51.09,684.64,13.400665492268544
ORTEC-SYNTH-300-s104_dyn5e,300,retry,True,True,1.0,1.0033,0.33000000000000806,51.09,515.32,10.086513994910941
ORTEC-SYNTH-300-s105_dyn5e,300,latest,True,True,1.0,1.0033,0.33000000000000806,51.9,659.73,12.71156069364162
ORTEC-SYNTH-300-s105_dyn5e,300,retry,True,True,1.0,1.0033,0.33000000000000806,51.9,594.85,11.461464354527939
ORTEC-SYNTH-300-s106_dyn5e,300,latest,True,True,1.0,1.0033,0.33000000000000806,42.67,668.04,15.655964377782984
ORTEC-SYNTH-300-s106_dyn5e,300,retry,True,True,1.0,1.0033,0.33000000000000806,42.67,592.42,13.88375908132177
ORTEC-SYNTH-300-s107_dyn5e,300,latest,True,True,1.0,1.0033,0.33000000000000806,42.92,872.82,20.335973904939422
ORTEC-SYNTH-300-s107_dyn5e,300,retry,True,True,1.0,1.0033,0.33000000000000806,42.92,615.74,14.346225535880707
ORTEC-SYNTH-300-s108_dyn5e,300,latest,True,True,1.0,1.0033,0.33000000000000806,41.91,622.49,14.853018372703414
ORTEC-SYNTH-300-s108_dyn5e,300,retry,True,True,1.0,1.0033,0.33000000000000806,41.91,622.49,14.853018372703414
ORTEC-SYNTH-300-s109_dyn5e,300,latest,True,True,1.0,1.0033,0.33000000000000806,44.52,559.37,12.564465408805031
ORTEC-SYNTH-300-s109_dyn5e,300,retry,True,True,1.0,1.0033,0.33000000000000806,44.52,518.42,11.644654088050313
ORTEC-SYNTH-300-s111_dyn5e,300,latest,True,True,1.0,0.8233,-17.669999999999998,40.87,755.88,18.49473941766577
ORTEC-SYNTH-300-s111_dyn5e,300,retry,True,True,1.0,1.0033,0.33000000000000806,40.87,670.68,16.410080743821872
ORTEC-SYNTH-300-s110_dyn5e,300,latest,True,True,1.0,1.0033,0.33000000000000806,43.51,699.22,16.070328660078143
ORTEC-SYNTH-300-s110_dyn5e,300,retry,True,True,1.0,1.0033,0.33000000000000806,43.51,699.22,16.070328660078143
ORTEC-SYNTH-300-s42_dyn5e,300,latest,True,True,1.0,1.0033,0.33000000000000806,43.06,612.73,14.22967951695309
ORTEC-SYNTH-300-s42_dyn5e,300,retry,True,True,1.0,1.0033,0.33000000000000806,43.06,612.73,14.22967951695309
ORTEC-SYNTH-300-s43_dyn5e,300,latest,True,True,1.0,1.0033,0.33000000000000806,47.18,557.76,11.821958456973293
ORTEC-SYNTH-300-s43_dyn5e,300,retry,True,True,1.0,1.0033,0.33000000000000806,47.18,557.76,11.821958456973293
ORTEC-SYNTH-300-s44_dyn5e,300,latest,True,True,1.0,1.0033,0.33000000000000806,44.38,650.44,14.65615141955836
ORTEC-SYNTH-300-s44_dyn5e,300,retry,True,True,1.0,1.0033,0.33000000000000806,44.38,585.41,13.190851735015771
ORTEC-SYNTH-300-s45_dyn5e,300,latest,True,True,1.0,1.0033,0.33000000000000806,43.69,789.99,18.08171206225681
ORTEC-SYNTH-300-s45_dyn5e,300,retry,True,True,1.0,1.0033,0.33000000000000806,43.69,588.4,13.467612726024262
ORTEC-SYNTH-300-s46_dyn5e,300,latest,True,True,1.0,1.0033,0.33000000000000806,45.29,629.93,13.908809891808346
ORTEC-SYNTH-300-s46_dyn5e,300,retry,True,True,1.0,1.0033,0.33000000000000806,45.29,629.93,13.908809891808346
ORTEC-SYNTH-300-s47_dyn5e,300,latest,True,True,1.0,1.0033,0.33000000000000806,38.16,779.32,20.422431865828095
ORTEC-SYNTH-300-s47_dyn5e,300,retry,True,True,1.0,1.0033,0.33000000000000806,38.16,779.32,20.422431865828095
ORTEC-SYNTH-300-s49_dyn5e,300,latest,True,True,1.0,1.0033,0.33000000000000806,40.35,722.56,17.90731102850062
ORTEC-SYNTH-300-s49_dyn5e,300,retry,True,True,1.0,1.0033,0.33000000000000806,40.35,714.98,17.719454770755885
ORTEC-SYNTH-300-s48_dyn5e,300,latest,True,True,1.0,1.0033,0.33000000000000806,45.97,620.82,13.504894496410705
ORTEC-SYNTH-300-s48_dyn5e,300,retry,True,True,1.0,1.0033,0.33000000000000806,45.97,567.75,12.350445943006308
ORTEC-SYNTH-300-s50_dyn5e,300,latest,True,True,1.0,1.0033,0.33000000000000806,43.01,777.96,18.087886538014416
ORTEC-SYNTH-300-s50_dyn5e,300,retry,True,True,1.0,1.0033,0.33000000000000806,43.01,777.96,18.087886538014416
ORTEC-SYNTH-300-s51_dyn5e,300,latest,True,True,1.0,1.0033,0.33000000000000806,45.29,730.35,16.126076396555533
ORTEC-SYNTH-300-s51_dyn5e,300,retry,True,True,1.0,1.0033,0.33000000000000806,45.29,683.4,15.089423713844116
ORTEC-SYNTH-300-s52_dyn5e,300,latest,True,True,1.0,1.0033,0.33000000000000806,39.79,704.01,17.693138979643127
ORTEC-SYNTH-300-s52_dyn5e,300,retry,True,True,1.0,1.0033,0.33000000000000806,39.79,704.01,17.693138979643127
ORTEC-SYNTH-300-s53_dyn5e,300,latest,True,True,1.0,1.0033,0.33000000000000806,47.27,677.49,14.332346096890204
ORTEC-SYNTH-300-s53_dyn5e,300,retry,True,True,1.0,1.0033,0.33000000000000806,47.27,619.35,13.102390522530145
ORTEC-SYNTH-300-s54_dyn5e,300,latest,True,True,1.0,1.0033,0.33000000000000806,41.49,570.39,13.747650036153289
ORTEC-SYNTH-300-s54_dyn5e,300,retry,True,True,1.0,1.0033,0.33000000000000806,41.49,570.39,13.747650036153289
ORTEC-SYNTH-300-s55_dyn5e,300,latest,True,True,1.0,1.0033,0.33000000000000806,52.68,760.4,14.434320425208808
ORTEC-SYNTH-300-s55_dyn5e,300,retry,True,True,1.0,1.0033,0.33000000000000806,52.68,579.29,10.996393318147303
ORTEC-SYNTH-300-s56_dyn5e,300,latest,True,True,1.0,1.0033,0.33000000000000806,42.46,707.75,16.668629298162976
ORTEC-SYNTH-300-s56_dyn5e,300,retry,True,True,1.0,1.0033,0.33000000000000806,42.46,611.14,14.393311351860573
ORTEC-SYNTH-300-s57_dyn5e,300,latest,True,True,1.0,1.0033,0.33000000000000806,44.7,770.72,17.242058165548098
ORTEC-SYNTH-300-s57_dyn5e,300,retry,True,True,1.0,1.0033,0.33000000000000806,44.7,770.72,17.242058165548098
ORTEC-SYNTH-300-s58_dyn5e,300,latest,True,True,1.0,1.0033,0.33000000000000806,46.38,731.08,15.76282880551962
ORTEC-SYNTH-300-s58_dyn5e,300,retry,True,True,1.0,1.0033,0.33000000000000806,46.38,581.68,12.541612764122466
ORTEC-SYNTH-300-s60_dyn5e,300,latest,True,True,1.0,1.0033,0.33000000000000806,42.85,648.27,15.12882147024504
ORTEC-SYNTH-300-s60_dyn5e,300,retry,True,True,1.0,1.0033,0.33000000000000806,42.85,631.4,14.735122520420068
ORTEC-SYNTH-300-s61_dyn5e,300,latest,True,True,1.0,1.0033,0.33000000000000806,35.38,682.59,19.29310344827586
ORTEC-SYNTH-300-s61_dyn5e,300,retry,True,True,1.0,1.0033,0.33000000000000806,35.38,682.59,19.29310344827586
ORTEC-SYNTH-300-s62_dyn5e,300,latest,True,True,1.0,1.0033,0.33000000000000806,46.51,582.71,12.528703504622664
ORTEC-SYNTH-300-s62_dyn5e,300,retry,True,True,1.0,1.0033,0.33000000000000806,46.51,582.71,12.528703504622664
ORTEC-SYNTH-300-s63_dyn5e,300,latest,True,True,1.0,1.0033,0.33000000000000806,40.18,602.56,14.996515679442508
ORTEC-SYNTH-300-s63_dyn5e,300,retry,True,True,1.0,1.0033,0.33000000000000806,40.18,561.38,13.971627675460429
ORTEC-SYNTH-300-s64_dyn5e,300,latest,True,True,1.0,1.0033,0.33000000000000806,48.5,717.69,14.797731958762888
ORTEC-SYNTH-300-s64_dyn5e,300,retry,True,True,1.0,1.0033,0.33000000000000806,48.5,717.69,14.797731958762888
ORTEC-SYNTH-300-s65_dyn5e,300,latest,True,True,1.0,1.0033,0.33000000000000806,45.31,788.82,17.409401898035753
ORTEC-SYNTH-300-s65_dyn5e,300,retry,True,True,1.0,1.0033,0.33000000000000806,45.31,559.73,12.353343632752152
ORTEC-SYNTH-300-s66_dyn5e,300,latest,True,True,1.0,1.0033,0.33000000000000806,37.78,744.75,19.712811011116994
ORTEC-SYNTH-300-s66_dyn5e,300,retry,True,True,1.0,1.0033,0.33000000000000806,37.78,541.99,14.345950238221281
ORTEC-SYNTH-300-s67_dyn5e,300,latest,True,True,1.0,1.0033,0.33000000000000806,43.58,673.76,15.460302891234512
ORTEC-SYNTH-300-s67_dyn5e,300,retry,True,True,1.0,1.0033,0.33000000000000806,43.58,583.54,13.39008719596145
ORTEC-SYNTH-300-s69_dyn5e,300,latest,True,True,1.0,1.0033,0.33000000000000806,35.38,620.85,17.548049745618993
ORTEC-SYNTH-300-s69_dyn5e,300,retry,True,True,1.0,1.0033,0.33000000000000806,35.38,620.85,17.548049745618993
ORTEC-SYNTH-300-s70_dyn5e,300,latest,True,True,1.0,1.0033,0.33000000000000806,41.04,752.21,18.328703703703706
ORTEC-SYNTH-300-s70_dyn5e,300,retry,True,True,1.0,1.0033,0.33000000000000806,41.04,752.21,18.328703703703706
ORTEC-SYNTH-300-s72_dyn5e,300,latest,True,True,1.0,1.0033,0.33000000000000806,48.04,781.38,16.26519567027477
ORTEC-SYNTH-300-s72_dyn5e,300,retry,True,True,1.0,1.0033,0.33000000000000806,48.04,675.29,14.056827643630308
ORTEC-SYNTH-300-s59_dyn5e,300,latest,False,False,0.6,0.6033,0.32999999999999696,264.18,1169.54,4.427057309410251
ORTEC-SYNTH-300-s59_dyn5e,300,retry,False,True,0.6,1.0033,40.33000000000001,264.18,787.27,2.98005148005148
ORTEC-SYNTH-300-s73_dyn5e,300,latest,True,True,1.0,1.0033,0.33000000000000806,40.83,679.44,16.640705363703162
ORTEC-SYNTH-300-s73_dyn5e,300,retry,True,True,1.0,1.0033,0.33000000000000806,40.83,556.08,13.619397501836886
ORTEC-SYNTH-300-s74_dyn5e,300,latest,True,True,1.0,1.0033,0.33000000000000806,49.03,877.13,17.889659392208852
ORTEC-SYNTH-300-s74_dyn5e,300,retry,True,True,1.0,1.0033,0.33000000000000806,49.03,594.07,12.116459310626148
ORTEC-SYNTH-300-s75_dyn5e,300,latest,True,True,1.0,1.0033,0.33000000000000806,53.77,737.27,13.711549190998698
ORTEC-SYNTH-300-s75_dyn5e,300,retry,True,True,1.0,1.0033,0.33000000000000806,53.77,516.17,9.599590849916309
ORTEC-SYNTH-300-s76_dyn5e,300,latest,True,True,1.0,1.0033,0.33000000000000806,43.74,699.97,16.00297210791038
ORTEC-SYNTH-300-s76_dyn5e,300,retry,True,True,1.0,1.0033,0.33000000000000806,43.74,699.97,16.00297210791038
ORTEC-SYNTH-300-s78_dyn5e,300,latest,True,True,1.0,1.0033,0.33000000000000806,47.86,811.24,16.950271625574594
ORTEC-SYNTH-300-s78_dyn5e,300,retry,True,True,1.0,1.0033,0.33000000000000806,47.86,734.11,15.338696197241957
ORTEC-SYNTH-300-s71_dyn5e,300,latest,False,False,0.6,0.6033,0.32999999999999696,267.69,1372.08,5.1256303933654594
ORTEC-SYNTH-300-s71_dyn5e,300,retry,False,False,0.6,0.6033,0.32999999999999696,267.69,1372.08,5.1256303933654594
ORTEC-SYNTH-300-s79_dyn5e,300,latest,True,True,1.0,1.0033,0.33000000000000806,46.17,815.8,17.66948234784492
ORTEC-SYNTH-300-s79_dyn5e,300,retry,True,True,1.0,1.0033,0.33000000000000806,46.17,630.61,13.65843621399177
ORTEC-SYNTH-300-s80_dyn5e,300,latest,True,True,1.0,1.0033,0.33000000000000806,45.67,683.5,14.966060871469235
ORTEC-SYNTH-300-s80_dyn5e,300,retry,True,True,1.0,1.0033,0.33000000000000806,45.67,543.88,11.90891175826582
ORTEC-SYNTH-300-s81_dyn5e,300,latest,True,True,1.0,1.0033,0.33000000000000806,39.51,617.22,15.621867881548976
ORTEC-SYNTH-300-s81_dyn5e,300,retry,True,True,1.0,1.0033,0.33000000000000806,39.51,581.56,14.719311566691976
ORTEC-SYNTH-300-s68_dyn5e,300,latest,False,False,0.4,0.4033,0.32999999999999696,386.76,1433.15,3.705527976005792
ORTEC-SYNTH-300-s68_dyn5e,300,retry,False,True,0.4,1.0033,60.330000000000005,386.76,916.36,2.369324645775158
ORTEC-SYNTH-300-s82_dyn5e,300,latest,True,True,1.0,1.0033,0.33000000000000806,48.63,641.88,13.199259716224551
ORTEC-SYNTH-300-s82_dyn5e,300,retry,True,True,1.0,1.0033,0.33000000000000806,48.63,641.88,13.199259716224551
ORTEC-SYNTH-300-s83_dyn5e,300,latest,True,True,1.0,1.0033,0.33000000000000806,47.2,677.68,14.357627118644066
ORTEC-SYNTH-300-s83_dyn5e,300,retry,True,True,1.0,1.0033,0.33000000000000806,47.2,575.9,12.201271186440676
ORTEC-SYNTH-300-s84_dyn5e,300,latest,True,True,1.0,1.0033,0.33000000000000806,40.78,619.74,15.197155468366846
ORTEC-SYNTH-300-s84_dyn5e,300,retry,True,True,1.0,1.0033,0.33000000000000806,40.78,616.05,15.106669936243255
ORTEC-SYNTH-300-s85_dyn5e,300,latest,True,True,1.0,1.0033,0.33000000000000806,44.96,730.12,16.23932384341637
ORTEC-SYNTH-300-s85_dyn5e,300,retry,True,True,1.0,1.0033,0.33000000000000806,44.96,645.97,14.367660142348754
ORTEC-SYNTH-300-s86_dyn5e,300,latest,True,True,1.0,1.0033,0.33000000000000806,45.61,695.17,15.24161368121026
ORTEC-SYNTH-300-s86_dyn5e,300,retry,True,True,1.0,1.0033,0.33000000000000806,45.61,695.17,15.24161368121026
ORTEC-SYNTH-300-s87_dyn5e,300,latest,True,True,1.0,1.0033,0.33000000000000806,49.76,731.01,14.690715434083602
ORTEC-SYNTH-300-s87_dyn5e,300,retry,True,True,1.0,1.0033,0.33000000000000806,49.76,588.85,11.83380225080386
ORTEC-SYNTH-300-s89_dyn5e,300,latest,True,True,1.0,1.0033,0.33000000000000806,54.28,704.24,12.974207811348563
ORTEC-SYNTH-300-s89_dyn5e,300,retry,True,True,1.0,1.0033,0.33000000000000806,54.28,704.24,12.974207811348563
ORTEC-SYNTH-300-s90_dyn5e,300,latest,True,True,1.0,1.0033,0.33000000000000806,43.71,762.54,17.445435827041866
ORTEC-SYNTH-300-s90_dyn5e,300,retry,True,True,1.0,1.0033,0.33000000000000806,43.71,594.7,13.605582246625486
ORTEC-SYNTH-300-s92_dyn5e,300,latest,True,True,1.0,1.0033,0.33000000000000806,50.01,601.95,12.03659268146371
ORTEC-SYNTH-300-s92_dyn5e,300,retry,True,True,1.0,1.0033,0.33000000000000806,50.01,601.95,12.03659268146371
ORTEC-SYNTH-300-s93_dyn5e,300,latest,True,True,1.0,1.0033,0.33000000000000806,40.93,852.84,20.836550207671635
ORTEC-SYNTH-300-s93_dyn5e,300,retry,True,True,1.0,1.0033,0.33000000000000806,40.93,619.59,15.137796237478623
ORTEC-SYNTH-300-s94_dyn5e,300,latest,True,True,1.0,1.0033,0.33000000000000806,50.97,654.36,12.838140082401413
ORTEC-SYNTH-300-s94_dyn5e,300,retry,True,True,1.0,1.0033,0.33000000000000806,50.97,654.36,12.838140082401413
ORTEC-SYNTH-300-s77_dyn5e,300,latest,False,False,0.2,0.2033,0.32999999999999974,489.78,1826.37,3.728959941198089
ORTEC-SYNTH-300-s77_dyn5e,300,retry,False,False,0.2,0.2033,0.32999999999999974,489.78,1826.37,3.728959941198089
ORTEC-SYNTH-300-s95_dyn5e,300,latest,True,True,1.0,1.0033,0.33000000000000806,49.0,906.25,18.494897959183675
ORTEC-SYNTH-300-s95_dyn5e,300,retry,True,True,1.0,1.0033,0.33000000000000806,49.0,775.88,15.834285714285715
ORTEC-SYNTH-300-s88_dyn5e,300,latest,False,False,0.6,0.6033,0.32999999999999696,262.74,1508.63,5.7419121565045295
ORTEC-SYNTH-300-s88_dyn5e,300,retry,False,False,0.6,0.6033,0.32999999999999696,262.74,1508.63,5.7419121565045295
ORTEC-SYNTH-300-s96_dyn5e,300,latest,True,True,1.0,1.0033,0.33000000000000806,43.56,818.05,18.779843893480255
ORTEC-SYNTH-300-s96_dyn5e,300,retry,True,True,1.0,1.0033,0.33000000000000806,43.56,564.01,12.947887970615243
ORTEC-SYNTH-300-s97_dyn5e,300,latest,True,True,1.0,1.0033,0.33000000000000806,36.41,786.69,21.60642680582258
ORTEC-SYNTH-300-s97_dyn5e,300,retry,True,True,1.0,1.0033,0.33000000000000806,36.41,547.34,15.032683328755839
ORTEC-SYNTH-300-s98_dyn5e,300,latest,True,True,1.0,1.0033,0.33000000000000806,44.42,786.29,17.701260693381357
ORTEC-SYNTH-300-s98_dyn5e,300,retry,True,True,1.0,1.0033,0.33000000000000806,44.42,681.98,15.352994146780729
ORTEC-SYNTH-300-s99_dyn5e,300,latest,True,True,1.0,1.0033,0.33000000000000806,42.93,848.4,19.76240391334731
ORTEC-SYNTH-300-s99_dyn5e,300,retry,True,True,1.0,1.0033,0.33000000000000806,42.93,593.55,13.825995807127882
ORTEC-SYNTH-500-s200_dyn5e,500,latest,True,True,1.0,1.002,0.20000000000000018,81.32,878.89,10.807796360059028
ORTEC-SYNTH-500-s200_dyn5e,500,retry,True,True,1.0,1.002,0.20000000000000018,81.32,726.61,8.935194294146582
ORTEC-SYNTH-500-s201_dyn5e,500,latest,True,True,1.0,1.002,0.20000000000000018,73.37,697.35,9.504565898868748
ORTEC-SYNTH-500-s201_dyn5e,500,retry,True,True,1.0,1.002,0.20000000000000018,73.37,671.4,9.150879105901593
ORTEC-SYNTH-500-s202_dyn5e,500,latest,True,True,1.0,1.002,0.20000000000000018,92.14,906.55,9.83883221185153
ORTEC-SYNTH-500-s202_dyn5e,500,retry,True,True,1.0,1.002,0.20000000000000018,92.14,770.68,8.364228348165835
ORTEC-SYNTH-500-s204_dyn5e,500,latest,True,True,1.0,1.002,0.20000000000000018,69.41,909.87,13.10862988042069
ORTEC-SYNTH-500-s204_dyn5e,500,retry,True,True,1.0,1.002,0.20000000000000018,69.41,734.78,10.586082697017721
ORTEC-SYNTH-500-s203_dyn5e,500,latest,True,True,1.0,1.002,0.20000000000000018,81.82,803.93,9.825592764605231
ORTEC-SYNTH-500-s203_dyn5e,500,retry,True,True,1.0,1.002,0.20000000000000018,81.82,725.22,8.863603031043755
ORTEC-SYNTH-500-s205_dyn5e,500,latest,True,True,1.0,1.002,0.20000000000000018,73.97,917.14,12.398810328511559
ORTEC-SYNTH-500-s205_dyn5e,500,retry,True,True,1.0,1.002,0.20000000000000018,73.97,708.74,9.581451939975667
ORTEC-SYNTH-500-s207_dyn5e,500,latest,True,True,1.0,1.002,0.20000000000000018,79.01,845.13,10.69649411466903
ORTEC-SYNTH-500-s207_dyn5e,500,retry,True,True,1.0,1.002,0.20000000000000018,79.01,641.56,8.119984812049106
ORTEC-SYNTH-500-s208_dyn5e,500,latest,True,True,1.0,1.002,0.20000000000000018,87.54,804.13,9.185857893534383
ORTEC-SYNTH-500-s208_dyn5e,500,retry,True,True,1.0,1.002,0.20000000000000018,87.54,547.68,6.256339958875941
ORTEC-SYNTH-500-s210_dyn5e,500,latest,True,True,1.0,1.002,0.20000000000000018,87.09,827.65,9.503387300493742
ORTEC-SYNTH-500-s210_dyn5e,500,retry,True,True,1.0,1.002,0.20000000000000018,87.09,737.22,8.465036169479848
ORTEC-SYNTH-500-s206_dyn5e,500,latest,False,False,0.6,0.602,0.20000000000000018,281.62,1643.1,5.834457779987217
ORTEC-SYNTH-500-s206_dyn5e,500,retry,False,False,0.6,0.602,0.20000000000000018,281.62,1643.1,5.834457779987217
ORTEC-SYNTH-500-s211_dyn5e,500,latest,True,True,1.0,1.002,0.20000000000000018,80.39,876.06,10.897624082597337
ORTEC-SYNTH-500-s211_dyn5e,500,retry,True,True,1.0,1.002,0.20000000000000018,80.39,619.31,7.703818882945639
ORTEC-SYNTH-300-s91_dyn5e,300,latest,False,False,0.0,0.8,80.0,723.67,2037.21,2.815109096687717
ORTEC-SYNTH-300-s91_dyn5e,300,retry,False,True,0.0,1.0033,100.33000000000001,723.67,632.07,0.8734229690328466
ORTEC-SYNTH-500-s212_dyn5e,500,latest,True,True,1.0,1.002,0.20000000000000018,89.12,862.43,9.67717684021544
ORTEC-SYNTH-500-s212_dyn5e,500,retry,True,True,1.0,1.002,0.20000000000000018,89.12,630.85,7.078657989228007
ORTEC-SYNTH-500-s213_dyn5e,500,latest,True,True,1.0,1.002,0.20000000000000018,76.2,892.74,11.715748031496062
ORTEC-SYNTH-500-s213_dyn5e,500,retry,True,True,1.0,1.002,0.20000000000000018,76.2,571.61,7.501443569553806
ORTEC-SYNTH-500-s214_dyn5e,500,latest,True,True,1.0,1.002,0.20000000000000018,81.5,1025.8,12.586503067484662
ORTEC-SYNTH-500-s214_dyn5e,500,retry,True,True,1.0,1.002,0.20000000000000018,81.5,592.45,7.269325153374234
ORTEC-SYNTH-500-s215_dyn5e,500,latest,True,True,1.0,1.002,0.20000000000000018,83.16,778.14,9.357142857142858
ORTEC-SYNTH-500-s215_dyn5e,500,retry,True,True,1.0,1.002,0.20000000000000018,83.16,775.59,9.326479076479076
ORTEC-SYNTH-500-s216_dyn5e,500,latest,True,True,1.0,1.002,0.20000000000000018,72.59,833.43,11.481333517013361
ORTEC-SYNTH-500-s216_dyn5e,500,retry,True,True,1.0,1.002,0.20000000000000018,72.59,570.09,7.853561096569775
ORTEC-SYNTH-500-s217_dyn5e,500,latest,True,True,1.0,1.002,0.20000000000000018,89.83,790.8,8.803295112991206
ORTEC-SYNTH-500-s217_dyn5e,500,retry,True,True,1.0,1.002,0.20000000000000018,89.83,790.8,8.803295112991206
ORTEC-SYNTH-500-s219_dyn5e,500,latest,True,True,1.0,1.002,0.20000000000000018,80.56,823.61,10.223560079443892
ORTEC-SYNTH-500-s219_dyn5e,500,retry,True,True,1.0,1.002,0.20000000000000018,80.56,544.75,6.762040714995035
ORTEC-SYNTH-500-s220_dyn5e,500,latest,True,True,1.0,1.002,0.20000000000000018,75.29,794.0,10.545889228317172
ORTEC-SYNTH-500-s220_dyn5e,500,retry,True,True,1.0,1.002,0.20000000000000018,75.29,673.61,8.946872094567672
ORTEC-SYNTH-500-s221_dyn5e,500,latest,True,True,1.0,1.002,0.20000000000000018,75.35,773.33,10.26317186463172
ORTEC-SYNTH-500-s221_dyn5e,500,retry,True,True,1.0,1.002,0.20000000000000018,75.35,658.13,8.734306569343067
ORTEC-SYNTH-500-s218_dyn5e,500,latest,False,False,0.8,0.802,0.20000000000000018,189.96,1370.24,7.213308064855759
ORTEC-SYNTH-500-s218_dyn5e,500,retry,False,True,0.8,1.002,20.199999999999996,189.96,626.19,3.2964308275426406
ORTEC-SYNTH-500-s222_dyn5e,500,latest,True,True,1.0,1.002,0.20000000000000018,91.38,866.65,9.484022762092362
ORTEC-SYNTH-500-s222_dyn5e,500,retry,True,True,1.0,1.002,0.20000000000000018,91.38,708.58,7.7542131757496175
ORTEC-SYNTH-500-s223_dyn5e,500,latest,True,True,1.0,1.002,0.20000000000000018,81.16,816.37,10.05877279448004
ORTEC-SYNTH-500-s223_dyn5e,500,retry,True,True,1.0,1.002,0.20000000000000018,81.16,816.37,10.05877279448004
ORTEC-SYNTH-500-s224_dyn5e,500,latest,True,True,1.0,1.002,0.20000000000000018,81.12,872.17,10.751602564102564
ORTEC-SYNTH-500-s224_dyn5e,500,retry,True,True,1.0,1.002,0.20000000000000018,81.12,872.17,10.751602564102564
ORTEC-SYNTH-500-s225_dyn5e,500,latest,True,True,1.0,1.002,0.20000000000000018,87.05,873.04,10.029178632969558
ORTEC-SYNTH-500-s225_dyn5e,500,retry,True,True,1.0,1.002,0.20000000000000018,87.05,571.27,6.562550258472142
ORTEC-SYNTH-500-s226_dyn5e,500,latest,True,True,1.0,1.002,0.20000000000000018,82.02,850.82,10.373323579614729
ORTEC-SYNTH-500-s226_dyn5e,500,retry,True,True,1.0,1.002,0.20000000000000018,82.02,777.86,9.483784442818825
ORTEC-SYNTH-500-s227_dyn5e,500,latest,True,True,1.0,1.002,0.20000000000000018,80.83,861.51,10.65829518743041
ORTEC-SYNTH-500-s227_dyn5e,500,retry,True,True,1.0,1.002,0.20000000000000018,80.83,724.26,8.960287022145243
ORTEC-SYNTH-500-s209_dyn5e,500,latest,False,False,0.0,0.0,0.0,724.06,2216.24,3.060851310664862
ORTEC-SYNTH-500-s209_dyn5e,500,retry,False,False,0.0,0.0,0.0,724.06,2216.24,3.060851310664862
ORTEC-SYNTH-500-s228_dyn5e,500,latest,True,True,1.0,1.002,0.20000000000000018,80.2,912.04,11.372069825436409
ORTEC-SYNTH-500-s228_dyn5e,500,retry,True,True,1.0,1.002,0.20000000000000018,80.2,661.0,8.241895261845386
ORTEC-SYNTH-500-s229_dyn5e,500,latest,True,True,1.0,1.002,0.20000000000000018,80.37,794.52,9.885778275475923
ORTEC-SYNTH-500-s229_dyn5e,500,retry,True,True,1.0,1.002,0.20000000000000018,80.37,749.36,9.32387706855792
ORTEC-SYNTH-500-s230_dyn5e,500,latest,True,True,1.0,1.002,0.20000000000000018,84.36,758.77,8.99442863916548
ORTEC-SYNTH-500-s230_dyn5e,500,retry,True,True,1.0,1.002,0.20000000000000018,84.36,706.23,8.371621621621621
ORTEC-SYNTH-500-s231_dyn5e,500,latest,True,True,1.0,1.002,0.20000000000000018,81.91,792.76,9.678427542424613
ORTEC-SYNTH-500-s231_dyn5e,500,retry,True,True,1.0,1.002,0.20000000000000018,81.91,657.18,8.023196190941277
ORTEC-SYNTH-500-s233_dyn5e,500,latest,True,True,1.0,1.002,0.20000000000000018,71.07,876.1,12.327282960461519
ORTEC-SYNTH-500-s233_dyn5e,500,retry,True,True,1.0,1.002,0.20000000000000018,71.07,608.96,8.568453637259042
ORTEC-SYNTH-500-s232_dyn5e,500,latest,True,True,1.0,1.002,0.20000000000000018,92.23,865.26,9.381546134663342
ORTEC-SYNTH-500-s232_dyn5e,500,retry,True,True,1.0,1.002,0.20000000000000018,92.23,762.06,8.262604358668545
ORTEC-SYNTH-500-s234_dyn5e,500,latest,True,True,1.0,1.002,0.20000000000000018,79.71,877.06,11.003136369338854
ORTEC-SYNTH-500-s234_dyn5e,500,retry,True,True,1.0,1.002,0.20000000000000018,79.71,733.41,9.200978547233722
ORTEC-SYNTH-500-s235_dyn5e,500,latest,True,True,1.0,1.002,0.20000000000000018,91.71,868.35,9.468433104350671
ORTEC-SYNTH-500-s235_dyn5e,500,retry,True,True,1.0,1.002,0.20000000000000018,91.71,799.61,8.718896521644314
ORTEC-SYNTH-500-s236_dyn5e,500,latest,True,True,1.0,1.002,0.20000000000000018,81.76,845.42,10.340264187866927
ORTEC-SYNTH-500-s236_dyn5e,500,retry,True,True,1.0,1.002,0.20000000000000018,81.76,654.97,8.010885518590998
ORTEC-SYNTH-500-s237_dyn5e,500,latest,True,True,1.0,1.002,0.20000000000000018,79.11,816.37,10.319428643660725
ORTEC-SYNTH-500-s237_dyn5e,500,retry,True,True,1.0,1.002,0.20000000000000018,79.11,595.52,7.52774617621034
ORTEC-SYNTH-500-s239_dyn5e,500,latest,True,True,1.0,1.002,0.20000000000000018,81.7,815.99,9.987637698898409
ORTEC-SYNTH-500-s239_dyn5e,500,retry,True,True,1.0,1.002,0.20000000000000018,81.7,613.57,7.5100367197062425
ORTEC-SYNTH-500-s240_dyn5e,500,latest,True,True,1.0,1.002,0.20000000000000018,70.09,765.75,10.92523897845627
ORTEC-SYNTH-500-s240_dyn5e,500,retry,True,True,1.0,1.002,0.20000000000000018,70.09,565.22,8.064203167356256
ORTEC-SYNTH-500-s241_dyn5e,500,latest,True,True,1.0,1.002,0.20000000000000018,93.36,782.78,8.38453299057412
ORTEC-SYNTH-500-s241_dyn5e,500,retry,True,True,1.0,1.002,0.20000000000000018,93.36,718.85,7.699764353041989
ORTEC-SYNTH-500-s242_dyn5e,500,latest,True,True,1.0,1.002,0.20000000000000018,75.09,841.94,11.21241177253962
ORTEC-SYNTH-500-s242_dyn5e,500,retry,True,True,1.0,1.002,0.20000000000000018,75.09,607.95,8.09628445864962
ORTEC-SYNTH-500-s238_dyn5e,500,latest,False,False,0.8,0.802,0.20000000000000018,182.41,1158.39,6.35047420645798
ORTEC-SYNTH-500-s238_dyn5e,500,retry,False,True,0.8,1.002,20.199999999999996,182.41,654.76,3.5894961899018694
ORTEC-SYNTH-500-s243_dyn5e,500,latest,True,True,1.0,1.002,0.20000000000000018,84.55,936.46,11.075813128326434
ORTEC-SYNTH-500-s243_dyn5e,500,retry,True,True,1.0,1.002,0.20000000000000018,84.55,703.2,8.316972205795388
ORTEC-SYNTH-500-s244_dyn5e,500,latest,True,True,1.0,1.002,0.20000000000000018,95.3,856.13,8.983525708289612
ORTEC-SYNTH-500-s244_dyn5e,500,retry,True,True,1.0,1.002,0.20000000000000018,95.3,651.94,6.840923399790137
ORTEC-SYNTH-500-s245_dyn5e,500,latest,True,True,1.0,1.002,0.20000000000000018,91.28,813.85,8.915972830850132
ORTEC-SYNTH-500-s245_dyn5e,500,retry,True,True,1.0,1.002,0.20000000000000018,91.28,579.47,6.348269062226118
ORTEC-SYNTH-500-s246_dyn5e,500,latest,True,True,1.0,1.002,0.20000000000000018,85.02,872.07,10.257233592095979
ORTEC-SYNTH-500-s246_dyn5e,500,retry,True,True,1.0,1.002,0.20000000000000018,85.02,711.04,8.363208656786638
ORTEC-SYNTH-500-s247_dyn5e,500,latest,True,True,1.0,1.002,0.20000000000000018,104.61,867.76,8.295191664276837
ORTEC-SYNTH-500-s247_dyn5e,500,retry,True,True,1.0,1.002,0.20000000000000018,104.61,616.67,5.894943122072459
ORTEC-SYNTH-500-s248_dyn5e,500,latest,True,True,1.0,1.002,0.20000000000000018,98.53,893.11,9.064345884502183
ORTEC-SYNTH-500-s248_dyn5e,500,retry,True,True,1.0,1.002,0.20000000000000018,98.53,590.51,5.993200040596772
ORTEC-SYNTH-500-s249_dyn5e,500,latest,True,True,1.0,1.002,0.20000000000000018,91.39,785.22,8.59196848670533
ORTEC-SYNTH-500-s249_dyn5e,500,retry,True,True,1.0,1.002,0.20000000000000018,91.39,760.08,8.316883685304738
ORTEC-SYNTH-500-s251_dyn5e,500,latest,True,True,1.0,1.002,0.20000000000000018,92.64,843.93,9.109779792746114
ORTEC-SYNTH-500-s251_dyn5e,500,retry,True,True,1.0,1.002,0.20000000000000018,92.64,611.29,6.598553540587219
ORTEC-SYNTH-500-s253_dyn5e,500,latest,True,True,1.0,1.002,0.20000000000000018,88.64,825.03,9.307648916967509
ORTEC-SYNTH-500-s253_dyn5e,500,retry,True,True,1.0,1.002,0.20000000000000018,88.64,825.03,9.307648916967509
ORTEC-SYNTH-500-s254_dyn5e,500,latest,True,True,1.0,1.002,0.20000000000000018,87.44,845.36,9.667886550777677
ORTEC-SYNTH-500-s254_dyn5e,500,retry,True,True,1.0,1.002,0.20000000000000018,87.44,793.77,9.07788197621226
ORTEC-SYNTH-500-s256_dyn5e,500,latest,True,True,1.0,1.002,0.20000000000000018,86.58,812.07,9.37941787941788
ORTEC-SYNTH-500-s256_dyn5e,500,retry,True,True,1.0,1.002,0.20000000000000018,86.58,636.2,7.3481173481173485
ORTEC-SYNTH-500-s257_dyn5e,500,latest,True,True,1.0,1.002,0.20000000000000018,84.37,900.63,10.674765912054047
ORTEC-SYNTH-500-s257_dyn5e,500,retry,True,True,1.0,1.002,0.20000000000000018,84.37,795.01,9.422899134763542
ORTEC-SYNTH-500-s252_dyn5e,500,latest,False,False,0.4,0.402,0.20000000000000018,397.42,2159.26,5.433194101957627
ORTEC-SYNTH-500-s252_dyn5e,500,retry,False,True,0.4,1.002,60.199999999999996,397.42,984.33,2.476800362337074
ORTEC-SYNTH-500-s258_dyn5e,500,latest,True,True,1.0,1.002,0.20000000000000018,86.29,848.96,9.83845173252984
ORTEC-SYNTH-500-s258_dyn5e,500,retry,True,True,1.0,1.002,0.20000000000000018,86.29,848.96,9.83845173252984
ORTEC-SYNTH-500-s259_dyn5e,500,latest,True,True,1.0,1.002,0.20000000000000018,87.22,930.0,10.662692043109379
ORTEC-SYNTH-500-s259_dyn5e,500,retry,True,True,1.0,1.002,0.20000000000000018,87.22,795.17,9.116831002063746
ORTEC-SYNTH-500-s260_dyn5e,500,latest,True,True,1.0,1.002,0.20000000000000018,100.66,867.74,8.62050466918339
ORTEC-SYNTH-500-s260_dyn5e,500,retry,True,True,1.0,1.002,0.20000000000000018,100.66,580.43,5.76624279753626
ORTEC-SYNTH-500-s255_dyn5e,500,latest,False,False,0.4,0.402,0.20000000000000018,397.33,1877.09,4.724259431706642
ORTEC-SYNTH-500-s255_dyn5e,500,retry,False,True,0.4,1.002,60.199999999999996,397.33,628.08,1.5807515163717818
ORTEC-SYNTH-500-s261_dyn5e,500,latest,True,True,1.0,1.002,0.20000000000000018,89.23,855.5,9.587582651574582
ORTEC-SYNTH-500-s261_dyn5e,500,retry,True,True,1.0,1.002,0.20000000000000018,89.23,729.31,8.173372184242966
ORTEC-SYNTH-500-s262_dyn5e,500,latest,True,True,1.0,1.002,0.20000000000000018,76.61,915.19,11.946090588695993
ORTEC-SYNTH-500-s262_dyn5e,500,retry,True,True,1.0,1.002,0.20000000000000018,76.61,676.15,8.825871296175434
ORTEC-SYNTH-500-s263_dyn5e,500,latest,True,True,1.0,1.002,0.20000000000000018,93.58,858.02,9.168839495618721
ORTEC-SYNTH-500-s263_dyn5e,500,retry,True,True,1.0,1.002,0.20000000000000018,93.58,802.94,8.580252190639026
ORTEC-SYNTH-500-s250_dyn5e,500,latest,False,False,0.0,0.386,38.6,725.46,1863.87,2.569225043420726
ORTEC-SYNTH-500-s250_dyn5e,500,retry,False,True,0.0,1.002,100.2,725.46,719.34,0.991563973203209
ORTEC-SYNTH-500-s264_dyn5e,500,latest,True,True,1.0,1.002,0.20000000000000018,90.08,839.18,9.315941385435169
ORTEC-SYNTH-500-s264_dyn5e,500,retry,True,True,1.0,1.002,0.20000000000000018,90.08,709.02,7.871003552397869
ORTEC-SYNTH-500-s265_dyn5e,500,latest,True,True,1.0,1.002,0.20000000000000018,91.74,891.43,9.716917375190757
ORTEC-SYNTH-500-s265_dyn5e,500,retry,True,True,1.0,1.002,0.20000000000000018,91.74,754.69,8.22640069762372
ORTEC-SYNTH-500-s266_dyn5e,500,latest,True,True,1.0,1.002,0.20000000000000018,89.49,877.14,9.80154207173986
ORTEC-SYNTH-500-s266_dyn5e,500,retry,True,True,1.0,1.002,0.20000000000000018,89.49,784.12,8.762096323611578
ORTEC-SYNTH-500-s268_dyn5e,500,latest,True,True,1.0,1.002,0.20000000000000018,78.61,880.85,11.205317389645083
ORTEC-SYNTH-500-s268_dyn5e,500,retry,True,True,1.0,1.002,0.20000000000000018,78.61,687.52,8.745961073654751
ORTEC-SYNTH-500-s267_dyn5e,500,latest,True,True,1.0,1.002,0.20000000000000018,86.2,809.68,9.393039443155452
ORTEC-SYNTH-500-s267_dyn5e,500,retry,True,True,1.0,1.002,0.20000000000000018,86.2,617.24,7.160556844547564
ORTEC-SYNTH-500-s269_dyn5e,500,latest,True,True,1.0,1.002,0.20000000000000018,104.37,856.66,8.207914151576123
ORTEC-SYNTH-500-s269_dyn5e,500,retry,True,True,1.0,1.002,0.20000000000000018,104.37,681.15,6.526300661109514
ORTEC-SYNTH-500-s45_dyn5e,500,latest,True,True,1.0,1.002,0.20000000000000018,94.84,828.82,8.739139603542808
ORTEC-SYNTH-500-s45_dyn5e,500,retry,True,True,1.0,1.002,0.20000000000000018,94.84,706.45,7.448861239983129
ORTEC-SYNTH-500-s46_dyn5e,500,latest,True,True,1.0,1.002,0.20000000000000018,82.44,791.63,9.602498786996604
ORTEC-SYNTH-500-s46_dyn5e,500,retry,True,True,1.0,1.002,0.20000000000000018,82.44,710.12,8.613779718583212
ORTEC-SYNTH-500-s47_dyn5e,500,latest,True,True,1.0,1.002,0.20000000000000018,80.84,936.47,11.58424047501237
ORTEC-SYNTH-500-s47_dyn5e,500,retry,True,True,1.0,1.002,0.20000000000000018,80.84,719.23,8.896956952003958
ORTEC-SYNTH-800-s400_dyn5e,800,latest,True,True,1.0,1.0012,0.12000000000000899,160.67,891.5,5.548640069708098
ORTEC-SYNTH-800-s400_dyn5e,800,retry,True,True,1.0,1.0012,0.12000000000000899,160.67,891.5,5.548640069708098
ORTEC-SYNTH-800-s401_dyn5e,800,latest,True,True,1.0,1.0012,0.12000000000000899,163.53,925.64,5.660368128172201
ORTEC-SYNTH-800-s401_dyn5e,800,retry,True,True,1.0,1.0012,0.12000000000000899,163.53,859.47,5.255732893047147
ORTEC-SYNTH-800-s403_dyn5e,800,latest,True,True,1.0,0.9838,-1.6199999999999992,183.13,909.78,4.967946267678698
ORTEC-SYNTH-800-s403_dyn5e,800,retry,True,True,1.0,1.0012,0.12000000000000899,183.13,827.37,4.517938076776061
ORTEC-SYNTH-800-s405_dyn5e,800,latest,True,True,1.0,1.0012,0.12000000000000899,168.26,1007.05,5.985082610246048
ORTEC-SYNTH-800-s405_dyn5e,800,retry,True,True,1.0,1.0012,0.12000000000000899,168.26,714.29,4.245156305717342
ORTEC-SYNTH-800-s406_dyn5e,800,latest,True,True,1.0,1.0012,0.12000000000000899,145.11,967.59,6.6679760181930945
ORTEC-SYNTH-800-s406_dyn5e,800,retry,True,True,1.0,1.0012,0.12000000000000899,145.11,827.22,5.700640893115567
ORTEC-SYNTH-800-s408_dyn5e,800,latest,True,True,1.0,1.0012,0.12000000000000899,160.38,871.51,5.434031674772416
ORTEC-SYNTH-800-s408_dyn5e,800,retry,True,True,1.0,1.0012,0.12000000000000899,160.38,871.51,5.434031674772416
ORTEC-SYNTH-800-s402_dyn5e,800,latest,False,False,0.2,0.2013,0.12999999999999956,520.94,2146.98,4.121357545974584
ORTEC-SYNTH-800-s402_dyn5e,800,retry,False,True,0.2,1.0012,80.12000000000002,520.94,858.66,1.6482896302837176
ORTEC-SYNTH-800-s407_dyn5e,800,latest,False,False,0.6,0.6012,0.11999999999999789,349.8,1658.46,4.741166380789022
ORTEC-SYNTH-800-s407_dyn5e,800,retry,False,True,0.6,1.0012,40.12000000000001,349.8,776.88,2.220926243567753
ORTEC-SYNTH-800-s409_dyn5e,800,latest,True,True,1.0,1.0012,0.12000000000000899,158.15,1085.94,6.866519127410686
ORTEC-SYNTH-800-s409_dyn5e,800,retry,True,True,1.0,1.0012,0.12000000000000899,158.15,824.24,5.211760986405311
ORTEC-SYNTH-800-s411_dyn5e,800,latest,True,True,1.0,1.0012,0.12000000000000899,139.52,935.59,6.705776949541284
ORTEC-SYNTH-800-s411_dyn5e,800,retry,True,True,1.0,1.0012,0.12000000000000899,139.52,591.83,4.241900802752293
ORTEC-SYNTH-800-s412_dyn5e,800,latest,True,True,1.0,1.0012,0.12000000000000899,168.54,893.73,5.302776788892845
ORTEC-SYNTH-800-s412_dyn5e,800,retry,True,True,1.0,1.0012,0.12000000000000899,168.54,713.13,4.2312210751157
ORTEC-SYNTH-800-s404_dyn5e,800,latest,False,False,0.0,0.91,91.0,728.89,1726.88,2.3691915103787955
ORTEC-SYNTH-800-s404_dyn5e,800,retry,False,True,0.0,1.0012,100.12,728.89,1028.12,1.4105283376092412
ORTEC-SYNTH-800-s413_dyn5e,800,latest,True,True,1.0,1.0012,0.12000000000000899,153.45,899.55,5.86217008797654
ORTEC-SYNTH-800-s413_dyn5e,800,retry,True,True,1.0,1.0012,0.12000000000000899,153.45,855.99,5.578299120234605
ORTEC-SYNTH-800-s414_dyn5e,800,latest,True,True,1.0,1.0012,0.12000000000000899,148.41,849.58,5.724546863418907
ORTEC-SYNTH-800-s414_dyn5e,800,retry,True,True,1.0,1.0012,0.12000000000000899,148.41,709.34,4.7795970621925745
ORTEC-SYNTH-800-s415_dyn5e,800,latest,True,True,1.0,1.0012,0.12000000000000899,151.03,862.01,5.707541548036814
ORTEC-SYNTH-800-s415_dyn5e,800,retry,True,True,1.0,1.0012,0.12000000000000899,151.03,823.96,5.455604846719195
ORTEC-SYNTH-800-s410_dyn5e,800,latest,False,False,0.2,1.0,80.0,512.28,2294.19,4.478390723822909
ORTEC-SYNTH-800-s410_dyn5e,800,retry,False,False,0.2,1.0,80.0,512.28,2294.19,4.478390723822909
ORTEC-SYNTH-800-s416_dyn5e,800,latest,True,True,1.0,0.9925,-0.7499999999999951,159.8,923.27,5.7776595744680845
ORTEC-SYNTH-800-s416_dyn5e,800,retry,True,True,1.0,1.0012,0.12000000000000899,159.8,931.21,5.827346683354192
ORTEC-SYNTH-800-s419_dyn5e,800,latest,True,True,1.0,1.0012,0.12000000000000899,163.62,975.2,5.960151570712627
ORTEC-SYNTH-800-s419_dyn5e,800,retry,True,True,1.0,1.0012,0.12000000000000899,163.62,619.12,3.7838895000611172
ORTEC-SYNTH-800-s420_dyn5e,800,latest,True,True,1.0,1.0012,0.12000000000000899,194.48,936.63,4.816073632250103
ORTEC-SYNTH-800-s420_dyn5e,800,retry,True,True,1.0,1.0012,0.12000000000000899,194.48,763.64,3.9265734265734267
ORTEC-SYNTH-800-s421_dyn5e,800,latest,True,True,1.0,1.0012,0.12000000000000899,166.11,826.1,4.973210523147312
ORTEC-SYNTH-800-s421_dyn5e,800,retry,True,True,1.0,1.0012,0.12000000000000899,166.11,826.1,4.973210523147312
ORTEC-SYNTH-800-s422_dyn5e,800,latest,True,True,1.0,1.0012,0.12000000000000899,181.01,931.71,5.147284680404398
ORTEC-SYNTH-800-s422_dyn5e,800,retry,True,True,1.0,1.0012,0.12000000000000899,181.01,768.0,4.242859510524281
ORTEC-SYNTH-800-s418_dyn5e,800,latest,False,False,0.2,0.2013,0.12999999999999956,516.04,2116.98,4.102356406480118
ORTEC-SYNTH-800-s418_dyn5e,800,retry,False,False,0.2,0.2013,0.12999999999999956,516.04,2116.98,4.102356406480118
ORTEC-SYNTH-800-s423_dyn5e,800,latest,True,True,1.0,1.0012,0.12000000000000899,166.21,784.78,4.721617231213525
ORTEC-SYNTH-800-s423_dyn5e,800,retry,True,True,1.0,1.0012,0.12000000000000899,166.21,784.78,4.721617231213525
ORTEC-SYNTH-800-s424_dyn5e,800,latest,True,True,1.0,1.0012,0.12000000000000899,172.93,977.02,5.64980049731105
ORTEC-SYNTH-800-s424_dyn5e,800,retry,True,True,1.0,1.0012,0.12000000000000899,172.93,647.27,3.7429595790204124
ORTEC-SYNTH-800-s425_dyn5e,800,latest,True,True,1.0,1.0012,0.12000000000000899,167.98,994.77,5.92195499464222
ORTEC-SYNTH-800-s425_dyn5e,800,retry,True,True,1.0,1.0012,0.12000000000000899,167.98,896.88,5.33920704845815
ORTEC-SYNTH-800-s417_dyn5e,800,latest,False,False,0.0,0.0,0.0,727.52,2215.63,3.04545579502969
ORTEC-SYNTH-800-s417_dyn5e,800,retry,False,False,0.0,0.0,0.0,727.52,2215.63,3.04545579502969
ORTEC-SYNTH-800-s427_dyn5e,800,latest,True,True,1.0,1.0012,0.12000000000000899,169.88,855.82,5.037791382152108
ORTEC-SYNTH-800-s427_dyn5e,800,retry,True,True,1.0,1.0012,0.12000000000000899,169.88,829.75,4.884330115375559
ORTEC-SYNTH-800-s430_dyn5e,800,latest,True,True,1.0,1.0012,0.12000000000000899,179.89,873.1,4.853521596531214
ORTEC-SYNTH-800-s430_dyn5e,800,retry,True,True,1.0,1.0012,0.12000000000000899,179.89,754.58,4.194674523319807
ORTEC-SYNTH-800-s426_dyn5e,800,latest,False,False,0.2,0.2013,0.12999999999999956,512.69,1903.19,3.712165246055121
ORTEC-SYNTH-800-s426_dyn5e,800,retry,False,True,0.2,1.0012,80.12000000000002,512.69,917.17,1.7889367844116324
ORTEC-SYNTH-800-s429_dyn5e,800,latest,False,False,0.2,0.2013,0.12999999999999956,523.09,2530.92,4.838402569347531
ORTEC-SYNTH-800-s429_dyn5e,800,retry,False,True,0.2,1.0012,80.12000000000002,523.09,1216.56,2.325718327630044
ORTEC-SYNTH-800-s432_dyn5e,800,latest,True,True,1.0,1.0012,0.12000000000000899,186.08,988.28,5.311049011177987
ORTEC-SYNTH-800-s432_dyn5e,800,retry,True,True,1.0,1.0012,0.12000000000000899,186.08,652.54,3.506771281169389
ORTEC-SYNTH-800-s434_dyn5e,800,latest,True,True,1.0,1.0012,0.12000000000000899,141.06,863.68,6.122784630653622
ORTEC-SYNTH-800-s434_dyn5e,800,retry,True,True,1.0,1.0012,0.12000000000000899,141.06,863.68,6.122784630653622
ORTEC-SYNTH-800-s428_dyn5e,800,latest,False,False,0.0,0.0213,2.13,729.06,2389.99,3.2781801223493265
ORTEC-SYNTH-800-s428_dyn5e,800,retry,False,True,0.0,1.0012,100.12,729.06,1130.74,1.5509560255671688
ORTEC-SYNTH-800-s433_dyn5e,800,latest,False,False,0.8,0.8013,0.12999999999999678,238.18,1413.69,5.935385002938954
ORTEC-SYNTH-800-s433_dyn5e,800,retry,False,True,0.8,1.0012,20.120000000000005,238.18,815.74,3.4248887396086993
ORTEC-SYNTH-800-s431_dyn5e,800,latest,False,False,0.2,0.2013,0.12999999999999956,517.15,2755.78,5.328782751619453
ORTEC-SYNTH-800-s431_dyn5e,800,retry,False,True,0.2,1.0012,80.12000000000002,517.15,791.02,1.5295755583486417
ORTEC-SYNTH-800-s438_dyn5e,800,latest,True,True,1.0,1.0012,0.12000000000000899,160.84,866.19,5.3854140761004725
ORTEC-SYNTH-800-s438_dyn5e,800,retry,True,True,1.0,1.0012,0.12000000000000899,160.84,866.19,5.3854140761004725
ORTEC-SYNTH-800-s435_dyn5e,800,latest,False,False,0.4,0.4012,0.11999999999999789,395.54,1635.69,4.135333973807959
ORTEC-SYNTH-800-s435_dyn5e,800,retry,False,True,0.4,1.0012,60.120000000000005,395.54,804.09,2.0328917429337108
ORTEC-SYNTH-800-s439_dyn5e,800,latest,True,True,1.0,1.0012,0.12000000000000899,163.22,860.84,5.274108565126823
ORTEC-SYNTH-800-s439_dyn5e,800,retry,True,True,1.0,1.0012,0.12000000000000899,163.22,860.84,5.274108565126823
ORTEC-SYNTH-800-s441_dyn5e,800,latest,True,True,1.0,1.0012,0.12000000000000899,162.76,812.11,4.989616613418531
ORTEC-SYNTH-800-s441_dyn5e,800,retry,True,True,1.0,1.0012,0.12000000000000899,162.76,812.11,4.989616613418531
ORTEC-SYNTH-800-s440_dyn5e,800,latest,False,False,0.8,0.8013,0.12999999999999678,237.62,1176.32,4.9504250483966
ORTEC-SYNTH-800-s440_dyn5e,800,retry,False,True,0.8,1.0012,20.120000000000005,237.62,681.1,2.8663412170692704
ORTEC-SYNTH-800-s436_dyn5e,800,latest,False,False,0.0,0.0,0.0,729.42,2246.84,3.0803103835924435
ORTEC-SYNTH-800-s436_dyn5e,800,retry,False,False,0.0,0.0,0.0,729.42,2246.84,3.0803103835924435
ORTEC-SYNTH-800-s442_dyn5e,800,latest,True,True,1.0,1.0012,0.12000000000000899,157.48,863.47,5.483045466090933
ORTEC-SYNTH-800-s442_dyn5e,800,retry,True,True,1.0,1.0012,0.12000000000000899,157.48,712.95,4.527241554483109
ORTEC-SYNTH-800-s437_dyn5e,800,latest,False,False,0.0,0.0,0.0,729.5,2156.62,2.9562988348183685
ORTEC-SYNTH-800-s437_dyn5e,800,retry,False,False,0.0,0.0,0.0,729.5,2156.62,2.9562988348183685
ORTEC-SYNTH-800-s445_dyn5e,800,latest,True,True,1.0,1.0012,0.12000000000000899,155.86,872.84,5.600153984344924
ORTEC-SYNTH-800-s445_dyn5e,800,retry,True,True,1.0,1.0012,0.12000000000000899,155.86,676.71,4.3417810855896315
ORTEC-SYNTH-800-s444_dyn5e,800,latest,True,True,1.0,1.0012,0.12000000000000899,177.23,808.58,4.56232014895898
ORTEC-SYNTH-800-s444_dyn5e,800,retry,True,True,1.0,1.0012,0.12000000000000899,177.23,764.99,4.316368560627434
ORTEC-SYNTH-800-s446_dyn5e,800,latest,True,True,1.0,1.0012,0.12000000000000899,157.02,899.16,5.72640427970959
ORTEC-SYNTH-800-s446_dyn5e,800,retry,True,True,1.0,1.0012,0.12000000000000899,157.02,663.83,4.2276780028021905
ORTEC-SYNTH-800-s447_dyn5e,800,latest,True,True,1.0,1.0012,0.12000000000000899,152.91,862.09,5.637891570204696
ORTEC-SYNTH-800-s447_dyn5e,800,retry,True,True,1.0,1.0012,0.12000000000000899,152.91,862.09,5.637891570204696
ORTEC-SYNTH-800-s448_dyn5e,800,latest,True,True,1.0,1.0012,0.12000000000000899,164.26,930.38,5.6640691586509195
ORTEC-SYNTH-800-s448_dyn5e,800,retry,True,True,1.0,1.0012,0.12000000000000899,164.26,809.41,4.927614757092415
ORTEC-SYNTH-800-s449_dyn5e,800,latest,True,True,1.0,1.0012,0.12000000000000899,168.4,994.66,5.906532066508313
ORTEC-SYNTH-800-s449_dyn5e,800,retry,True,True,1.0,1.0012,0.12000000000000899,168.4,854.78,5.075890736342043
ORTEC-SYNTH-800-s452_dyn5e,800,latest,True,True,1.0,1.0012,0.12000000000000899,145.51,903.57,6.209676310906468
ORTEC-SYNTH-800-s452_dyn5e,800,retry,True,True,1.0,1.0012,0.12000000000000899,145.51,654.33,4.496804343344101
ORTEC-SYNTH-800-s450_dyn5e,800,latest,True,True,1.0,1.0012,0.12000000000000899,195.42,940.74,4.8139392078599945
ORTEC-SYNTH-800-s450_dyn5e,800,retry,True,True,1.0,1.0012,0.12000000000000899,195.42,831.97,4.257343158325658
ORTEC-SYNTH-800-s443_dyn5e,800,latest,False,False,0.0,1.0,100.0,731.09,1878.65,2.569656266670314
ORTEC-SYNTH-800-s443_dyn5e,800,retry,False,False,0.0,1.0,100.0,731.09,1878.65,2.569656266670314
ORTEC-SYNTH-800-s454_dyn5e,800,latest,True,True,1.0,1.0012,0.12000000000000899,129.46,830.66,6.41634481693187
ORTEC-SYNTH-800-s454_dyn5e,800,retry,True,True,1.0,1.0012,0.12000000000000899,129.46,685.95,5.298547813996601
ORTEC-SYNTH-800-s453_dyn5e,800,latest,True,True,1.0,1.0012,0.12000000000000899,159.31,828.47,5.2003640700521
ORTEC-SYNTH-800-s453_dyn5e,800,retry,True,True,1.0,1.0012,0.12000000000000899,159.31,698.76,4.386165338020212
ORTEC-SYNTH-800-s455_dyn5e,800,latest,True,True,1.0,1.0012,0.12000000000000899,140.39,1298.2,9.247097371607666
ORTEC-SYNTH-800-s455_dyn5e,800,retry,True,True,1.0,1.0012,0.12000000000000899,140.39,837.18,5.963245245387848
ORTEC-SYNTH-800-s456_dyn5e,800,latest,True,True,1.0,1.0012,0.12000000000000899,175.84,900.33,5.120166060054595
ORTEC-SYNTH-800-s456_dyn5e,800,retry,True,True,1.0,1.0012,0.12000000000000899,175.84,687.64,3.910600545950864
ORTEC-SYNTH-800-s457_dyn5e,800,latest,True,True,1.0,1.0012,0.12000000000000899,155.73,905.87,5.816926732164644
ORTEC-SYNTH-800-s457_dyn5e,800,retry,True,True,1.0,1.0012,0.12000000000000899,155.73,848.14,5.446221023566429
ORTEC-SYNTH-800-s458_dyn5e,800,latest,False,False,0.8,0.8013,0.12999999999999678,252.98,1245.72,4.924183729939126
ORTEC-SYNTH-800-s458_dyn5e,800,retry,False,True,0.8,1.0012,20.120000000000005,252.98,811.53,3.2078820460115423
ORTEC-SYNTH-800-s48_dyn5e,800,latest,True,True,1.0,1.0012,0.12000000000000899,155.72,837.64,5.379142049833034
ORTEC-SYNTH-800-s48_dyn5e,800,retry,True,True,1.0,1.0012,0.12000000000000899,155.72,678.04,4.354225533007963
ORTEC-SYNTH-800-s459_dyn5e,800,latest,True,True,1.0,1.0012,0.12000000000000899,180.61,814.67,4.510658324566745
ORTEC-SYNTH-800-s459_dyn5e,800,retry,True,True,1.0,1.0012,0.12000000000000899,180.61,658.23,3.644482586789214
ORTEC-SYNTH-800-s451_dyn5e,800,latest,False,False,0.0,0.0,0.0,728.68,2065.57,2.8346736564747217
ORTEC-SYNTH-800-s451_dyn5e,800,retry,False,False,0.0,0.0,0.0,728.68,2065.57,2.8346736564747217
ORTEC-SYNTH-800-s50_dyn5e,800,latest,True,True,1.0,1.0012,0.12000000000000899,112.84,863.58,7.65313718539525
ORTEC-SYNTH-800-s50_dyn5e,800,retry,True,True,1.0,1.0012,0.12000000000000899,112.84,738.61,6.54563984402694
ORTEC-SYNTH-800-s49_dyn5e,800,latest,False,False,0.2,0.1812,-1.8800000000000012,515.61,2071.25,4.017086557669557
ORTEC-SYNTH-800-s49_dyn5e,800,retry,False,True,0.2,1.0012,80.12000000000002,515.61,879.16,1.7050871782936714
