block,unit,scale,state,ort_runtime,droc_runtime
static,ORTEC-SYNTH-300-s100,300,both,29.29,152.35
static,ORTEC-SYNTH-300-s101,300,both,30.39,153.02
static,ORTEC-SYNTH-300-s102,300,both,27.96,179.11
static,ORTEC-SYNTH-300-s104,300,both,30.67,155.72
static,ORTEC-SYNTH-300-s103,300,both,36.22,176.27
static,ORTEC-SYNTH-300-s106,300,droc_only,35.03,170.72
static,ORTEC-SYNTH-300-s107,300,both,35.5,93.39
static,ORTEC-SYNTH-300-s108,300,both,33.38,180.66
static,ORTEC-SYNTH-300-s105,300,both,88.89,169.76
static,ORTEC-SYNTH-300-s109,300,both,36.54,93.47
static,ORTEC-SYNTH-300-s110,300,both,35.64,171.59
static,ORTEC-SYNTH-300-s111,300,both,37.75,169.06
static,ORTEC-SYNTH-300-s44,300,both,31.33,140.62
static,ORTEC-SYNTH-300-s45,300,both,27.72,192.62
static,ORTEC-SYNTH-300-s43,300,both,45.15,167.18
static,ORTEC-SYNTH-300-s42,300,both,78.23,160.03
static,ORTEC-SYNTH-300-s47,300,both,32.1,148.82
static,ORTEC-SYNTH-300-s46,300,both,40.41,141.32
static,ORTEC-SYNTH-300-s48,300,both,36.18,181.71
static,ORTEC-SYNTH-300-s51,300,both,30.74,149.35
static,ORTEC-SYNTH-300-s50,300,both,39.61,217.86
static,ORTEC-SYNTH-300-s52,300,droc_only,39.75,153.69
static,ORTEC-SYNTH-300-s53,300,both,28.37,148.89
static,ORTEC-SYNTH-300-s54,300,both,31.97,190.76
static,ORTEC-SYNTH-300-s49,300,both,79.12,186.02
static,ORTEC-SYNTH-300-s55,300,both,40.28,172.44
static,ORTEC-SYNTH-300-s57,300,both,37.28,176.45
static,ORTEC-SYNTH-300-s56,300,both,51.48,165.24
static,ORTEC-SYNTH-300-s60,300,both,37.04,110.11
static,ORTEC-SYNTH-300-s61,300,both,29.15,161.43
static,ORTEC-SYNTH-300-s58,300,both,69.15,86.85
static,ORTEC-SYNTH-300-s62,300,both,29.99,151.46
static,ORTEC-SYNTH-300-s63,300,both,47.39,165.75
static,ORTEC-SYNTH-300-s65,300,both,26.82,186.47
static,ORTEC-SYNTH-300-s59,300,droc_only,120.48,197.24
static,ORTEC-SYNTH-300-s66,300,both,33.14,160.92
static,ORTEC-SYNTH-300-s64,300,both,89.39,191.7
static,ORTEC-SYNTH-300-s67,300,both,39.05,153.33
static,ORTEC-SYNTH-300-s69,300,both,30.19,181.96
static,ORTEC-SYNTH-300-s72,300,both,33.1,151.62
static,ORTEC-SYNTH-300-s70,300,both,55.58,210.19
static,ORTEC-SYNTH-300-s73,300,both,24.91,193.93
static,ORTEC-SYNTH-300-s68,300,droc_only,120.43,300.11
static,ORTEC-SYNTH-300-s75,300,both,34.7,177.83
static,ORTEC-SYNTH-300-s71,300,neither,120.65,247.41
static,ORTEC-SYNTH-300-s76,300,both,29.56,157.62
static,ORTEC-SYNTH-300-s74,300,both,73.48,183.48
static,ORTEC-SYNTH-300-s79,300,both,33.1,192.91
static,ORTEC-SYNTH-300-s78,300,both,37.54,158.38
static,ORTEC-SYNTH-300-s81,300,both,26.63,91.21
static,ORTEC-SYNTH-300-s80,300,both,68.58,68.28
static,ORTEC-SYNTH-300-s82,300,both,35.38,163.82
static,ORTEC-SYNTH-300-s83,300,both,33.82,186.65
static,ORTEC-SYNTH-300-s77,300,droc_only,120.43,131.88
static,ORTEC-SYNTH-300-s85,300,both,44.39,156.31
static,ORTEC-SYNTH-300-s86,300,both,33.93,171.41
static,ORTEC-SYNTH-300-s87,300,both,31.29,175.66
static,ORTEC-SYNTH-300-s89,300,both,41.43,193.33
static,ORTEC-SYNTH-300-s90,300,both,31.92,108.8
static,ORTEC-SYNTH-300-s84,300,both,101.86,196.74
static,ORTEC-SYNTH-300-s92,300,both,26.22,176.86
static,ORTEC-SYNTH-300-s94,300,both,30.9,160.82
static,ORTEC-SYNTH-300-s88,300,droc_only,120.49,149.85
static,ORTEC-SYNTH-300-s93,300,both,79.1,147.84
static,ORTEC-SYNTH-300-s95,300,both,34.66,173.33
static,ORTEC-SYNTH-300-s96,300,both,28.1,192.65
static,ORTEC-SYNTH-300-s91,300,droc_only,120.5,135.91
static,ORTEC-SYNTH-300-s98,300,both,33.41,179.12
static,ORTEC-SYNTH-300-s99,300,both,34.96,190.03
static,ORTEC-SYNTH-300-s97,300,both,58.53,164.16
static,ORTEC-SYNTH-500-s201,500,both,74.77,174.47
static,ORTEC-SYNTH-500-s200,500,both,88.41,170.58
static,ORTEC-SYNTH-500-s202,500,droc_only,104.38,225.86
static,ORTEC-SYNTH-500-s203,500,both,122.21,163.89
static,ORTEC-SYNTH-500-s204,500,both,80.8,160.71
static,ORTEC-SYNTH-500-s205,500,both,74.73,236.96
static,ORTEC-SYNTH-500-s206,500,droc_only,120.77,139.25
static,ORTEC-SYNTH-500-s208,500,droc_only,79.92,159.94
static,ORTEC-SYNTH-500-s207,500,both,122.0,180.02
static,ORTEC-SYNTH-500-s209,500,droc_only,120.82,147.57
static,ORTEC-SYNTH-500-s210,500,both,69.78,166.61
static,ORTEC-SYNTH-500-s211,500,both,98.67,188.49
static,ORTEC-SYNTH-500-s213,500,both,91.78,255.6
static,ORTEC-SYNTH-500-s212,500,both,121.0,176.46
static,ORTEC-SYNTH-500-s214,500,both,109.63,180.65
static,ORTEC-SYNTH-500-s215,500,both,88.12,169.5
static,ORTEC-SYNTH-500-s216,500,both,77.6,261.61
static,ORTEC-SYNTH-500-s217,500,both,122.69,205.56
static,ORTEC-SYNTH-500-s219,500,both,89.47,168.42
static,ORTEC-SYNTH-500-s218,500,droc_only,120.82,177.36
static,ORTEC-SYNTH-500-s220,500,both,100.93,169.62
static,ORTEC-SYNTH-500-s222,500,droc_only,71.85,160.02
static,ORTEC-SYNTH-500-s223,500,both,79.53,189.07
static,ORTEC-SYNTH-500-s221,500,both,121.95,183.62
static,ORTEC-SYNTH-500-s224,500,both,93.77,175.55
static,ORTEC-SYNTH-500-s225,500,both,75.67,191.18
static,ORTEC-SYNTH-500-s226,500,droc_only,74.49,140.19
static,ORTEC-SYNTH-500-s228,500,both,100.3,257.2
static,ORTEC-SYNTH-500-s229,500,both,89.61,190.22
static,ORTEC-SYNTH-500-s227,500,both,122.7,194.18
static,ORTEC-SYNTH-500-s230,500,both,83.85,175.95
static,ORTEC-SYNTH-500-s232,500,both,66.7,272.56
static,ORTEC-SYNTH-500-s231,500,both,87.44,167.92
static,ORTEC-SYNTH-500-s234,500,droc_only,77.3,157.35
static,ORTEC-SYNTH-500-s233,500,droc_only,121.82,141.74
static,ORTEC-SYNTH-500-s235,500,droc_only,86.93,183.66
static,ORTEC-SYNTH-500-s236,500,droc_only,81.62,176.35
static,ORTEC-SYNTH-500-s237,500,both,90.76,175.2
static,ORTEC-SYNTH-500-s239,500,both,79.03,112.52
static,ORTEC-SYNTH-500-s240,500,droc_only,76.12,130.81
static,ORTEC-SYNTH-500-s238,500,droc_only,122.9,129.77
static,ORTEC-SYNTH-500-s241,500,both,92.48,173.9
static,ORTEC-SYNTH-500-s242,500,droc_only,83.09,138.65
static,ORTEC-SYNTH-500-s243,500,both,83.6,161.82
static,ORTEC-SYNTH-500-s244,500,both,121.57,168.69
static,ORTEC-SYNTH-500-s245,500,both,93.59,190.17
static,ORTEC-SYNTH-500-s246,500,both,88.47,207.22
static,ORTEC-SYNTH-500-s247,500,both,103.39,166.37
static,ORTEC-SYNTH-500-s249,500,both,76.26,185.42
static,ORTEC-SYNTH-500-s248,500,both,121.54,165.13
static,ORTEC-SYNTH-500-s251,500,both,61.79,346.29
static,ORTEC-SYNTH-500-s250,500,droc_only,120.85,153.12
static,ORTEC-SYNTH-500-s252,500,droc_only,120.86,186.1
static,ORTEC-SYNTH-500-s254,500,both,85.85,189.04
static,ORTEC-SYNTH-500-s253,500,droc_only,121.48,160.14
static,ORTEC-SYNTH-500-s256,500,both,72.39,253.72
static,ORTEC-SYNTH-500-s255,500,droc_only,120.9,148.37
static,ORTEC-SYNTH-500-s257,500,droc_only,79.78,152.24
static,ORTEC-SYNTH-500-s260,500,both,70.83,183.38
static,ORTEC-SYNTH-500-s258,500,both,122.05,203.59
static,ORTEC-SYNTH-500-s261,500,both,92.99,185.38
static,ORTEC-SYNTH-500-s259,500,both,106.9,163.03
static,ORTEC-SYNTH-500-s262,500,both,66.94,223.19
static,ORTEC-SYNTH-500-s264,500,both,69.13,184.87
static,ORTEC-SYNTH-500-s265,500,droc_only,90.36,136.82
static,ORTEC-SYNTH-500-s263,500,both,122.74,161.09
static,ORTEC-SYNTH-500-s266,500,droc_only,72.84,136.93
static,ORTEC-SYNTH-500-s267,500,both,84.53,184.05
static,ORTEC-SYNTH-500-s268,500,both,81.28,197.34
static,ORTEC-SYNTH-500-s45,500,both,86.07,169.44
static,ORTEC-SYNTH-500-s46,500,both,72.71,172.06
static,ORTEC-SYNTH-500-s269,500,droc_only,122.1,175.13
static,ORTEC-SYNTH-500-s47,500,both,69.55,155.04
static,ORTEC-SYNTH-800-s400,800,both,121.79,107.05
static,ORTEC-SYNTH-800-s401,800,droc_only,121.51,186.14
static,ORTEC-SYNTH-800-s402,800,droc_only,125.73,156.6
static,ORTEC-SYNTH-800-s403,800,both,122.12,114.94
static,ORTEC-SYNTH-800-s404,800,droc_only,121.95,165.98
static,ORTEC-SYNTH-800-s405,800,droc_only,121.61,169.95
static,ORTEC-SYNTH-800-s406,800,both,123.36,100.41
static,ORTEC-SYNTH-800-s407,800,droc_only,122.24,151.05
static,ORTEC-SYNTH-800-s408,800,both,121.54,181.77
static,ORTEC-SYNTH-800-s409,800,droc_only,121.82,149.66
static,ORTEC-SYNTH-800-s410,800,droc_only,126.01,180.01
static,ORTEC-SYNTH-800-s411,800,droc_only,121.99,167.94
static,ORTEC-SYNTH-800-s412,800,droc_only,121.9,101.02
static,ORTEC-SYNTH-800-s413,800,droc_only,122.09,145.09
static,ORTEC-SYNTH-800-s414,800,both,125.9,249.99
static,ORTEC-SYNTH-800-s415,800,droc_only,122.19,176.92
static,ORTEC-SYNTH-800-s416,800,both,121.88,184.61
static,ORTEC-SYNTH-800-s417,800,droc_only,124.2,182.58
static,ORTEC-SYNTH-800-s418,800,droc_only,122.86,174.82
static,ORTEC-SYNTH-800-s419,800,both,123.82,115.66
static,ORTEC-SYNTH-800-s420,800,droc_only,124.15,220.78
static,ORTEC-SYNTH-800-s421,800,both,124.83,170.17
static,ORTEC-SYNTH-800-s422,800,droc_only,124.8,170.49
static,ORTEC-SYNTH-800-s423,800,both,125.32,176.41
static,ORTEC-SYNTH-800-s424,800,both,123.7,112.09
static,ORTEC-SYNTH-800-s425,800,both,123.67,107.64
static,ORTEC-SYNTH-800-s426,800,droc_only,123.62,142.69
static,ORTEC-SYNTH-800-s427,800,droc_only,125.09,150.52
static,ORTEC-SYNTH-800-s428,800,droc_only,125.42,213.52
static,ORTEC-SYNTH-800-s429,800,droc_only,123.51,259.0
static,ORTEC-SYNTH-800-s430,800,both,123.83,175.68
static,ORTEC-SYNTH-800-s431,800,droc_only,123.79,101.69
static,ORTEC-SYNTH-800-s432,800,droc_only,126.03,235.64
static,ORTEC-SYNTH-800-s433,800,droc_only,125.18,161.42
static,ORTEC-SYNTH-800-s434,800,droc_only,123.91,144.05
static,ORTEC-SYNTH-800-s435,800,droc_only,123.39,165.81
static,ORTEC-SYNTH-800-s436,800,droc_only,123.83,189.46
static,ORTEC-SYNTH-800-s437,800,droc_only,124.11,181.04
static,ORTEC-SYNTH-800-s438,800,droc_only,122.56,185.61
static,ORTEC-SYNTH-800-s439,800,both,124.06,107.11
static,ORTEC-SYNTH-800-s440,800,neither,125.18,246.93
static,ORTEC-SYNTH-800-s441,800,both,122.89,178.38
static,ORTEC-SYNTH-800-s442,800,both,124.08,161.8
static,ORTEC-SYNTH-800-s443,800,droc_only,124.8,158.19
static,ORTEC-SYNTH-800-s444,800,droc_only,124.59,179.06
static,ORTEC-SYNTH-800-s445,800,both,123.52,167.51
static,ORTEC-SYNTH-800-s446,800,both,123.18,103.02
static,ORTEC-SYNTH-800-s447,800,droc_only,123.38,196.67
static,ORTEC-SYNTH-800-s448,800,both,123.96,159.84
static,ORTEC-SYNTH-800-s449,800,both,124.17,191.89
static,ORTEC-SYNTH-800-s450,800,droc_only,124.56,175.14
static,ORTEC-SYNTH-800-s451,800,droc_only,123.49,169.42
static,ORTEC-SYNTH-800-s452,800,droc_only,124.26,142.26
static,ORTEC-SYNTH-800-s453,800,droc_only,123.15,151.29
static,ORTEC-SYNTH-800-s454,800,droc_only,124.07,154.33
static,ORTEC-SYNTH-800-s455,800,droc_only,124.1,161.24
static,ORTEC-SYNTH-800-s456,800,both,124.6,167.08
static,ORTEC-SYNTH-800-s457,800,both,124.22,142.73
static,ORTEC-SYNTH-800-s458,800,droc_only,124.06,163.9
static,ORTEC-SYNTH-800-s459,800,both,123.49,145.37
static,ORTEC-SYNTH-800-s48,800,droc_only,125.38,185.4
static,ORTEC-SYNTH-800-s49,800,droc_only,125.1,165.8
static,ORTEC-SYNTH-800-s50,800,droc_only,123.23,106.56
dynamic,ORTEC-SYNTH-300-s101_dyn5e,300,both,13.31,561.56
dynamic,ORTEC-SYNTH-300-s100_dyn5e,300,both,14.31,559.62
dynamic,ORTEC-SYNTH-300-s103_dyn5e,300,both,40.3,593.5
dynamic,ORTEC-SYNTH-300-s102_dyn5e,300,both,40.59,583.94
dynamic,ORTEC-SYNTH-300-s104_dyn5e,300,both,51.09,515.32
dynamic,ORTEC-SYNTH-300-s105_dyn5e,300,both,51.9,594.85
dynamic,ORTEC-SYNTH-300-s106_dyn5e,300,both,42.67,592.42
dynamic,ORTEC-SYNTH-300-s107_dyn5e,300,both,42.92,615.74
dynamic,ORTEC-SYNTH-300-s108_dyn5e,300,both,41.91,622.49
dynamic,ORTEC-SYNTH-300-s109_dyn5e,300,both,44.52,518.42
dynamic,ORTEC-SYNTH-300-s111_dyn5e,300,both,40.87,670.68
dynamic,ORTEC-SYNTH-300-s110_dyn5e,300,both,43.51,699.22
dynamic,ORTEC-SYNTH-300-s42_dyn5e,300,both,43.06,612.73
dynamic,ORTEC-SYNTH-300-s43_dyn5e,300,both,47.18,557.76
dynamic,ORTEC-SYNTH-300-s44_dyn5e,300,both,44.38,585.41
dynamic,ORTEC-SYNTH-300-s45_dyn5e,300,both,43.69,588.4
dynamic,ORTEC-SYNTH-300-s46_dyn5e,300,both,45.29,629.93
dynamic,ORTEC-SYNTH-300-s47_dyn5e,300,both,38.16,779.32
dynamic,ORTEC-SYNTH-300-s49_dyn5e,300,both,40.35,714.98
dynamic,ORTEC-SYNTH-300-s48_dyn5e,300,both,45.97,567.75
dynamic,ORTEC-SYNTH-300-s50_dyn5e,300,both,43.01,777.96
dynamic,ORTEC-SYNTH-300-s51_dyn5e,300,both,45.29,683.4
dynamic,ORTEC-SYNTH-300-s52_dyn5e,300,both,39.79,704.01
dynamic,ORTEC-SYNTH-300-s53_dyn5e,300,both,47.27,619.35
dynamic,ORTEC-SYNTH-300-s54_dyn5e,300,both,41.49,570.39
dynamic,ORTEC-SYNTH-300-s55_dyn5e,300,both,52.68,579.29
dynamic,ORTEC-SYNTH-300-s56_dyn5e,300,both,42.46,611.14
dynamic,ORTEC-SYNTH-300-s57_dyn5e,300,both,44.7,770.72
dynamic,ORTEC-SYNTH-300-s58_dyn5e,300,both,46.38,581.68
dynamic,ORTEC-SYNTH-300-s60_dyn5e,300,both,42.85,631.4
dynamic,ORTEC-SYNTH-300-s61_dyn5e,300,both,35.38,682.59
dynamic,ORTEC-SYNTH-300-s62_dyn5e,300,both,46.51,582.71
dynamic,ORTEC-SYNTH-300-s63_dyn5e,300,both,40.18,561.38
dynamic,ORTEC-SYNTH-300-s64_dyn5e,300,both,48.5,717.69
dynamic,ORTEC-SYNTH-300-s65_dyn5e,300,both,45.31,559.73
dynamic,ORTEC-SYNTH-300-s66_dyn5e,300,both,37.78,541.99
dynamic,ORTEC-SYNTH-300-s67_dyn5e,300,both,43.58,583.54
dynamic,ORTEC-SYNTH-300-s69_dyn5e,300,both,35.38,620.85
dynamic,ORTEC-SYNTH-300-s70_dyn5e,300,both,41.04,752.21
dynamic,ORTEC-SYNTH-300-s72_dyn5e,300,both,48.04,675.29
dynamic,ORTEC-SYNTH-300-s59_dyn5e,300,droc_only,264.18,787.27
dynamic,ORTEC-SYNTH-300-s73_dyn5e,300,both,40.83,556.08
dynamic,ORTEC-SYNTH-300-s74_dyn5e,300,both,49.03,594.07
dynamic,ORTEC-SYNTH-300-s75_dyn5e,300,both,53.77,516.17
dynamic,ORTEC-SYNTH-300-s76_dyn5e,300,both,43.74,699.97
dynamic,ORTEC-SYNTH-300-s78_dyn5e,300,both,47.86,734.11
dynamic,ORTEC-SYNTH-300-s71_dyn5e,300,neither,267.69,1372.08
dynamic,ORTEC-SYNTH-300-s79_dyn5e,300,both,46.17,630.61
dynamic,ORTEC-SYNTH-300-s80_dyn5e,300,both,45.67,543.88
dynamic,ORTEC-SYNTH-300-s81_dyn5e,300,both,39.51,581.56
dynamic,ORTEC-SYNTH-300-s68_dyn5e,300,droc_only,386.76,916.36
dynamic,ORTEC-SYNTH-300-s82_dyn5e,300,both,48.63,641.88
dynamic,ORTEC-SYNTH-300-s83_dyn5e,300,both,47.2,575.9
dynamic,ORTEC-SYNTH-300-s84_dyn5e,300,both,40.78,616.05
dynamic,ORTEC-SYNTH-300-s85_dyn5e,300,both,44.96,645.97
dynamic,ORTEC-SYNTH-300-s86_dyn5e,300,both,45.61,695.17
dynamic,ORTEC-SYNTH-300-s87_dyn5e,300,both,49.76,588.85
dynamic,ORTEC-SYNTH-300-s89_dyn5e,300,both,54.28,704.24
dynamic,ORTEC-SYNTH-300-s90_dyn5e,300,both,43.71,594.7
dynamic,ORTEC-SYNTH-300-s92_dyn5e,300,both,50.01,601.95
dynamic,ORTEC-SYNTH-300-s93_dyn5e,300,both,40.93,619.59
dynamic,ORTEC-SYNTH-300-s94_dyn5e,300,both,50.97,654.36
dynamic,ORTEC-SYNTH-300-s77_dyn5e,300,neither,489.78,1826.37
dynamic,ORTEC-SYNTH-300-s95_dyn5e,300,both,49.0,775.88
dynamic,ORTEC-SYNTH-300-s88_dyn5e,300,neither,262.74,1508.63
dynamic,ORTEC-SYNTH-300-s96_dyn5e,300,both,43.56,564.01
dynamic,ORTEC-SYNTH-300-s97_dyn5e,300,both,36.41,547.34
dynamic,ORTEC-SYNTH-300-s98_dyn5e,300,both,44.42,681.98
dynamic,ORTEC-SYNTH-300-s99_dyn5e,300,both,42.93,593.55
dynamic,ORTEC-SYNTH-500-s200_dyn5e,500,both,81.32,726.61
dynamic,ORTEC-SYNTH-500-s201_dyn5e,500,both,73.37,671.4
dynamic,ORTEC-SYNTH-500-s202_dyn5e,500,both,92.14,770.68
dynamic,ORTEC-SYNTH-500-s204_dyn5e,500,both,69.41,734.78
dynamic,ORTEC-SYNTH-500-s203_dyn5e,500,both,81.82,725.22
dynamic,ORTEC-SYNTH-500-s205_dyn5e,500,both,73.97,708.74
dynamic,ORTEC-SYNTH-500-s207_dyn5e,500,both,79.01,641.56
dynamic,ORTEC-SYNTH-500-s208_dyn5e,500,both,87.54,547.68
dynamic,ORTEC-SYNTH-500-s210_dyn5e,500,both,87.09,737.22
dynamic,ORTEC-SYNTH-500-s206_dyn5e,500,neither,281.62,1643.1
dynamic,ORTEC-SYNTH-500-s211_dyn5e,500,both,80.39,619.31
dynamic,ORTEC-SYNTH-300-s91_dyn5e,300,droc_only,723.67,632.07
dynamic,ORTEC-SYNTH-500-s212_dyn5e,500,both,89.12,630.85
dynamic,ORTEC-SYNTH-500-s213_dyn5e,500,both,76.2,571.61
dynamic,ORTEC-SYNTH-500-s214_dyn5e,500,both,81.5,592.45
dynamic,ORTEC-SYNTH-500-s215_dyn5e,500,both,83.16,775.59
dynamic,ORTEC-SYNTH-500-s216_dyn5e,500,both,72.59,570.09
dynamic,ORTEC-SYNTH-500-s217_dyn5e,500,both,89.83,790.8
dynamic,ORTEC-SYNTH-500-s219_dyn5e,500,both,80.56,544.75
dynamic,ORTEC-SYNTH-500-s220_dyn5e,500,both,75.29,673.61
dynamic,ORTEC-SYNTH-500-s221_dyn5e,500,both,75.35,658.13
dynamic,ORTEC-SYNTH-500-s218_dyn5e,500,droc_only,189.96,626.19
dynamic,ORTEC-SYNTH-500-s222_dyn5e,500,both,91.38,708.58
dynamic,ORTEC-SYNTH-500-s223_dyn5e,500,both,81.16,816.37
dynamic,ORTEC-SYNTH-500-s224_dyn5e,500,both,81.12,872.17
dynamic,ORTEC-SYNTH-500-s225_dyn5e,500,both,87.05,571.27
dynamic,ORTEC-SYNTH-500-s226_dyn5e,500,both,82.02,777.86
dynamic,ORTEC-SYNTH-500-s227_dyn5e,500,both,80.83,724.26
dynamic,ORTEC-SYNTH-500-s209_dyn5e,500,neither,724.06,2216.24
dynamic,ORTEC-SYNTH-500-s228_dyn5e,500,both,80.2,661.0
dynamic,ORTEC-SYNTH-500-s229_dyn5e,500,both,80.37,749.36
dynamic,ORTEC-SYNTH-500-s230_dyn5e,500,both,84.36,706.23
dynamic,ORTEC-SYNTH-500-s231_dyn5e,500,both,81.91,657.18
dynamic,ORTEC-SYNTH-500-s233_dyn5e,500,both,71.07,608.96
dynamic,ORTEC-SYNTH-500-s232_dyn5e,500,both,92.23,762.06
dynamic,ORTEC-SYNTH-500-s234_dyn5e,500,both,79.71,733.41
dynamic,ORTEC-SYNTH-500-s235_dyn5e,500,both,91.71,799.61
dynamic,ORTEC-SYNTH-500-s236_dyn5e,500,both,81.76,654.97
dynamic,ORTEC-SYNTH-500-s237_dyn5e,500,both,79.11,595.52
dynamic,ORTEC-SYNTH-500-s239_dyn5e,500,both,81.7,613.57
dynamic,ORTEC-SYNTH-500-s240_dyn5e,500,both,70.09,565.22
dynamic,ORTEC-SYNTH-500-s241_dyn5e,500,both,93.36,718.85
dynamic,ORTEC-SYNTH-500-s242_dyn5e,500,both,75.09,607.95
dynamic,ORTEC-SYNTH-500-s238_dyn5e,500,droc_only,182.41,654.76
dynamic,ORTEC-SYNTH-500-s243_dyn5e,500,both,84.55,703.2
dynamic,ORTEC-SYNTH-500-s244_dyn5e,500,both,95.3,651.94
dynamic,ORTEC-SYNTH-500-s245_dyn5e,500,both,91.28,579.47
dynamic,ORTEC-SYNTH-500-s246_dyn5e,500,both,85.02,711.04
dynamic,ORTEC-SYNTH-500-s247_dyn5e,500,both,104.61,616.67
dynamic,ORTEC-SYNTH-500-s248_dyn5e,500,both,98.53,590.51
dynamic,ORTEC-SYNTH-500-s249_dyn5e,500,both,91.39,760.08
dynamic,ORTEC-SYNTH-500-s251_dyn5e,500,both,92.64,611.29
dynamic,ORTEC-SYNTH-500-s253_dyn5e,500,both,88.64,825.03
dynamic,ORTEC-SYNTH-500-s254_dyn5e,500,both,87.44,793.77
dynamic,ORTEC-SYNTH-500-s256_dyn5e,500,both,86.58,636.2
dynamic,ORTEC-SYNTH-500-s257_dyn5e,500,both,84.37,795.01
dynamic,ORTEC-SYNTH-500-s252_dyn5e,500,droc_only,397.42,984.33
dynamic,ORTEC-SYNTH-500-s258_dyn5e,500,both,86.29,848.96
dynamic,ORTEC-SYNTH-500-s259_dyn5e,500,both,87.22,795.17
dynamic,ORTEC-SYNTH-500-s260_dyn5e,500,both,100.66,580.43
dynamic,ORTEC-SYNTH-500-s255_dyn5e,500,droc_only,397.33,628.08
dynamic,ORTEC-SYNTH-500-s261_dyn5e,500,both,89.23,729.31
dynamic,ORTEC-SYNTH-500-s262_dyn5e,500,both,76.61,676.15
dynamic,ORTEC-SYNTH-500-s263_dyn5e,500,both,93.58,802.94
dynamic,ORTEC-SYNTH-500-s250_dyn5e,500,droc_only,725.46,719.34
dynamic,ORTEC-SYNTH-500-s264_dyn5e,500,both,90.08,709.02
dynamic,ORTEC-SYNTH-500-s265_dyn5e,500,both,91.74,754.69
dynamic,ORTEC-SYNTH-500-s266_dyn5e,500,both,89.49,784.12
dynamic,ORTEC-SYNTH-500-s268_dyn5e,500,both,78.61,687.52
dynamic,ORTEC-SYNTH-500-s267_dyn5e,500,both,86.2,617.24
dynamic,ORTEC-SYNTH-500-s269_dyn5e,500,both,104.37,681.15
dynamic,ORTEC-SYNTH-500-s45_dyn5e,500,both,94.84,706.45
dynamic,ORTEC-SYNTH-500-s46_dyn5e,500,both,82.44,710.12
dynamic,ORTEC-SYNTH-500-s47_dyn5e,500,both,80.84,719.23
dynamic,ORTEC-SYNTH-800-s400_dyn5e,800,both,160.67,891.5
dynamic,ORTEC-SYNTH-800-s401_dyn5e,800,both,163.53,859.47
dynamic,ORTEC-SYNTH-800-s403_dyn5e,800,both,183.13,827.37
dynamic,ORTEC-SYNTH-800-s405_dyn5e,800,both,168.26,714.29
dynamic,ORTEC-SYNTH-800-s406_dyn5e,800,both,145.11,827.22
dynamic,ORTEC-SYNTH-800-s408_dyn5e,800,both,160.38,871.51
dynamic,ORTEC-SYNTH-800-s402_dyn5e,800,droc_only,520.94,858.66
dynamic,ORTEC-SYNTH-800-s407_dyn5e,800,droc_only,349.8,776.88
dynamic,ORTEC-SYNTH-800-s409_dyn5e,800,both,158.15,824.24
dynamic,ORTEC-SYNTH-800-s411_dyn5e,800,both,139.52,591.83
dynamic,ORTEC-SYNTH-800-s412_dyn5e,800,both,168.54,713.13
dynamic,ORTEC-SYNTH-800-s404_dyn5e,800,droc_only,728.89,1028.12
dynamic,ORTEC-SYNTH-800-s413_dyn5e,800,both,153.45,855.99
dynamic,ORTEC-SYNTH-800-s414_dyn5e,800,both,148.41,709.34
dynamic,ORTEC-SYNTH-800-s415_dyn5e,800,both,151.03,823.96
dynamic,ORTEC-SYNTH-800-s410_dyn5e,800,neither,512.28,2294.19
dynamic,ORTEC-SYNTH-800-s416_dyn5e,800,both,159.8,931.21
dynamic,ORTEC-SYNTH-800-s419_dyn5e,800,both,163.62,619.12
dynamic,ORTEC-SYNTH-800-s420_dyn5e,800,both,194.48,763.64
dynamic,ORTEC-SYNTH-800-s421_dyn5e,800,both,166.11,826.1
dynamic,ORTEC-SYNTH-800-s422_dyn5e,800,both,181.01,768.0
dynamic,ORTEC-SYNTH-800-s418_dyn5e,800,neither,516.04,2116.98
dynamic,ORTEC-SYNTH-800-s423_dyn5e,800,both,166.21,784.78
dynamic,ORTEC-SYNTH-800-s424_dyn5e,800,both,172.93,647.27
dynamic,ORTEC-SYNTH-800-s425_dyn5e,800,both,167.98,896.88
dynamic,ORTEC-SYNTH-800-s417_dyn5e,800,neither,727.52,2215.63
dynamic,ORTEC-SYNTH-800-s427_dyn5e,800,both,169.88,829.75
dynamic,ORTEC-SYNTH-800-s430_dyn5e,800,both,179.89,754.58
dynamic,ORTEC-SYNTH-800-s426_dyn5e,800,droc_only,512.69,917.17
dynamic,ORTEC-SYNTH-800-s429_dyn5e,800,droc_only,523.09,1216.56
dynamic,ORTEC-SYNTH-800-s432_dyn5e,800,both,186.08,652.54
dynamic,ORTEC-SYNTH-800-s434_dyn5e,800,both,141.06,863.68
dynamic,ORTEC-SYNTH-800-s428_dyn5e,800,droc_only,729.06,1130.74
dynamic,ORTEC-SYNTH-800-s433_dyn5e,800,droc_only,238.18,815.74
dynamic,ORTEC-SYNTH-800-s431_dyn5e,800,droc_only,517.15,791.02
dynamic,ORTEC-SYNTH-800-s438_dyn5e,800,both,160.84,866.19
dynamic,ORTEC-SYNTH-800-s435_dyn5e,800,droc_only,395.54,804.09
dynamic,ORTEC-SYNTH-800-s439_dyn5e,800,both,163.22,860.84
dynamic,ORTEC-SYNTH-800-s441_dyn5e,800,both,162.76,812.11
dynamic,ORTEC-SYNTH-800-s440_dyn5e,800,droc_only,237.62,681.1
dynamic,ORTEC-SYNTH-800-s436_dyn5e,800,neither,729.42,2246.84
dynamic,ORTEC-SYNTH-800-s442_dyn5e,800,both,157.48,712.95
dynamic,ORTEC-SYNTH-800-s437_dyn5e,800,neither,729.5,2156.62
dynamic,ORTEC-SYNTH-800-s445_dyn5e,800,both,155.86,676.71
dynamic,ORTEC-SYNTH-800-s444_dyn5e,800,both,177.23,764.99
dynamic,ORTEC-SYNTH-800-s446_dyn5e,800,both,157.02,663.83
dynamic,ORTEC-SYNTH-800-s447_dyn5e,800,both,152.91,862.09
dynamic,ORTEC-SYNTH-800-s448_dyn5e,800,both,164.26,809.41
dynamic,ORTEC-SYNTH-800-s449_dyn5e,800,both,168.4,854.78
dynamic,ORTEC-SYNTH-800-s452_dyn5e,800,both,145.51,654.33
dynamic,ORTEC-SYNTH-800-s450_dyn5e,800,both,195.42,831.97
dynamic,ORTEC-SYNTH-800-s443_dyn5e,800,neither,731.09,1878.65
dynamic,ORTEC-SYNTH-800-s454_dyn5e,800,both,129.46,685.95
dynamic,ORTEC-SYNTH-800-s453_dyn5e,800,both,159.31,698.76
dynamic,ORTEC-SYNTH-800-s455_dyn5e,800,both,140.39,837.18
dynamic,ORTEC-SYNTH-800-s456_dyn5e,800,both,175.84,687.64
dynamic,ORTEC-SYNTH-800-s457_dyn5e,800,both,155.73,848.14
dynamic,ORTEC-SYNTH-800-s458_dyn5e,800,droc_only,252.98,811.53
dynamic,ORTEC-SYNTH-800-s48_dyn5e,800,both,155.72,678.04
dynamic,ORTEC-SYNTH-800-s459_dyn5e,800,both,180.61,658.23
dynamic,ORTEC-SYNTH-800-s451_dyn5e,800,neither,728.68,2065.57
dynamic,ORTEC-SYNTH-800-s50_dyn5e,800,both,112.84,738.61
dynamic,ORTEC-SYNTH-800-s49_dyn5e,800,droc_only,515.61,879.16
