instance,scale,rule,ort_feasible,droc_feasible,ort_vehicles,droc_vehicles,ort_distance,droc_distance,ort_runtime,droc_runtime,vehicle_improvement,distance_improvement,runtime_ratio
ORTEC-SYNTH-300-s100,300,latest,True,True,29.0,28.0,140867.3,111495.0,29.29,172.64,3.4482758620689653,20.851042080028503,5.894161829976101
ORTEC-SYNTH-300-s100,300,retry,True,True,29.0,26.0,140867.3,114428.0,29.29,152.35,10.344827586206897,18.768940698089615,5.201433936497098
ORTEC-SYNTH-300-s101,300,latest,True,True,29.0,30.0,159861.9,134595.0,30.39,180.7,-3.4482758620689653,15.805454582986938,5.946034879894702
ORTEC-SYNTH-300-s101,300,retry,True,True,29.0,28.0,159861.9,163435.0,30.39,153.02,3.4482758620689653,-2.235116685088821,5.035208950312603
ORTEC-SYNTH-300-s102,300,latest,True,True,28.0,29.0,139305.6,140009.0,27.96,185.27,-3.571428571428571,-0.5049330393035126,6.626251788268956
ORTEC-SYNTH-300-s102,300,retry,True,True,28.0,25.0,139305.6,125978.0,27.96,179.11,10.714285714285714,9.567167436197831,6.405937052932761
ORTEC-SYNTH-300-s104,300,latest,True,True,30.0,28.0,158996.0,153728.0,30.67,184.46,6.666666666666667,3.31329090040001,6.01434626671014
ORTEC-SYNTH-300-s104,300,retry,True,True,30.0,25.0,158996.0,144252.0,30.67,155.72,16.666666666666664,9.273189262622958,5.077274209325073
ORTEC-SYNTH-300-s103,300,latest,True,True,30.0,29.0,163909.0,161295.0,36.22,162.41,3.3333333333333335,1.5947873515182205,4.483986747653231
ORTEC-SYNTH-300-s103,300,retry,True,True,30.0,25.0,163909.0,160842.0,36.22,176.27,16.666666666666664,1.871160216949649,4.8666482606294865
ORTEC-SYNTH-300-s106,300,latest,False,True,29.0,29.0,180487.2,136320.0,35.03,147.17,,,4.201256066228946
ORTEC-SYNTH-300-s106,300,retry,False,True,29.0,28.0,180487.2,181567.0,35.03,170.72,,,4.873536968312875
ORTEC-SYNTH-300-s107,300,latest,True,True,29.0,28.0,147426.9,119811.0,35.5,176.19,3.4482758620689653,18.73192748406159,4.963098591549295
ORTEC-SYNTH-300-s107,300,retry,True,True,29.0,26.0,147426.9,113403.0,35.5,93.39,10.344827586206897,23.0784883898393,2.6307042253521127
ORTEC-SYNTH-300-s108,300,latest,True,True,30.0,29.0,165574.9,163904.0,33.38,99.57,3.3333333333333335,1.0091505415373914,2.982923906530856
ORTEC-SYNTH-300-s108,300,retry,True,True,30.0,27.0,165574.9,153683.0,33.38,180.66,10.0,7.1821876383437315,5.41222288795686
ORTEC-SYNTH-300-s105,300,latest,True,True,31.0,31.0,172429.5,168379.0,88.89,182.77,0.0,2.349075999176475,2.0561367982900216
ORTEC-SYNTH-300-s105,300,retry,True,True,31.0,28.0,172429.5,159142.0,88.89,169.76,9.67741935483871,7.70604797902911,1.9097761277984024
ORTEC-SYNTH-300-s109,300,latest,True,True,29.0,29.0,152664.1,153011.0,36.54,169.01,0.0,-0.22723089449320052,4.625342090859332
ORTEC-SYNTH-300-s109,300,retry,True,True,29.0,26.0,152664.1,142252.0,36.54,93.47,10.344827586206897,6.820267502313906,2.5580186097427475
ORTEC-SYNTH-300-s110,300,latest,True,True,30.0,29.0,157252.4,153470.0,35.64,171.59,3.3333333333333335,2.405305101861717,4.814534231200898
ORTEC-SYNTH-300-s110,300,retry,True,True,30.0,29.0,157252.4,153470.0,35.64,171.59,3.3333333333333335,2.405305101861717,4.814534231200898
ORTEC-SYNTH-300-s111,300,latest,True,True,29.0,28.0,156014.1,150052.0,37.75,103.58,3.4482758620689653,3.8215135683249177,2.743841059602649
ORTEC-SYNTH-300-s111,300,retry,True,True,29.0,28.0,156014.1,148294.0,37.75,169.06,3.4482758620689653,4.948334797944548,4.47841059602649
ORTEC-SYNTH-300-s44,300,latest,True,True,27.0,26.0,141102.8,143376.0,31.33,168.32,3.7037037037037033,-1.6110240193674483,5.372486434727099
ORTEC-SYNTH-300-s44,300,retry,True,True,27.0,25.0,141102.8,141318.0,31.33,140.62,7.4074074074074066,-0.15251291965858343,4.4883498244494096
ORTEC-SYNTH-300-s45,300,latest,True,True,27.0,26.0,147843.4,150667.0,27.72,178.57,3.7037037037037033,-1.9098586747869746,6.441919191919192
ORTEC-SYNTH-300-s45,300,retry,True,True,27.0,25.0,147843.4,143213.0,27.72,192.62,7.4074074074074066,3.131962603673884,6.94877344877345
ORTEC-SYNTH-300-s43,300,latest,True,True,27.0,27.0,149737.8,149918.0,45.15,172.35,0.0,-0.1203436941106465,3.8172757475083055
ORTEC-SYNTH-300-s43,300,retry,True,True,27.0,25.0,149737.8,142748.0,45.15,167.18,7.4074074074074066,4.668026376773259,3.7027685492801776
ORTEC-SYNTH-300-s42,300,latest,True,True,28.0,27.0,153054.9,152411.0,78.23,191.01,3.571428571428571,0.4206987166042997,2.4416464272018406
ORTEC-SYNTH-300-s42,300,retry,True,True,28.0,26.0,153054.9,119777.0,78.23,160.03,7.142857142857142,21.742459731769447,2.045634667007542
ORTEC-SYNTH-300-s47,300,latest,True,True,27.0,26.0,113684.2,94425.0,32.1,102.3,3.7037037037037033,16.94096453157079,3.186915887850467
ORTEC-SYNTH-300-s47,300,retry,True,True,27.0,25.0,113684.2,112880.0,32.1,148.82,7.4074074074074066,0.7073982136479802,4.63613707165109
ORTEC-SYNTH-300-s46,300,latest,True,True,28.0,28.0,140698.0,140030.0,40.41,185.72,0.0,0.47477576084947903,4.595892105914378
ORTEC-SYNTH-300-s46,300,retry,True,True,28.0,27.0,140698.0,141437.0,40.41,141.32,3.571428571428571,-0.5252384539936602,3.4971541697599604
ORTEC-SYNTH-300-s48,300,latest,True,True,30.0,30.0,156680.2,156042.0,36.18,181.71,0.0,0.40732651604989756,5.022388059701493
ORTEC-SYNTH-300-s48,300,retry,True,True,30.0,30.0,156680.2,156042.0,36.18,181.71,0.0,0.40732651604989756,5.022388059701493
ORTEC-SYNTH-300-s51,300,latest,True,True,27.0,26.0,142441.2,144467.0,30.74,177.77,3.7037037037037033,-1.4222008800824397,5.783018867924529
ORTEC-SYNTH-300-s51,300,retry,True,True,27.0,25.0,142441.2,138249.0,30.74,149.35,7.4074074074074066,2.943109156620424,4.8584905660377355
ORTEC-SYNTH-300-s50,300,latest,True,True,29.0,29.0,149950.8,149381.0,39.61,307.79,0.0,0.37999130381431007,7.770512496844232
ORTEC-SYNTH-300-s50,300,retry,True,True,29.0,27.0,149950.8,156232.0,39.61,217.86,6.896551724137931,-4.188840606385569,5.500126230749811
ORTEC-SYNTH-300-s52,300,latest,False,True,29.0,34.0,165335.6,222659.0,39.75,141.78,,,3.566792452830189
ORTEC-SYNTH-300-s52,300,retry,False,True,29.0,31.0,165335.6,170848.0,39.75,153.69,,,3.8664150943396227
ORTEC-SYNTH-300-s53,300,latest,True,True,27.0,26.0,136572.7,135581.0,28.37,150.36,3.7037037037037033,0.7261334073354423,5.299964751498061
ORTEC-SYNTH-300-s53,300,retry,True,True,27.0,25.0,136572.7,110944.0,28.37,148.89,7.4074074074074066,18.7656098180676,5.248149453648219
ORTEC-SYNTH-300-s54,300,latest,True,True,31.0,30.0,168883.5,166148.0,31.97,153.51,3.225806451612903,1.619755630360574,4.801689083515796
ORTEC-SYNTH-300-s54,300,retry,True,True,31.0,24.0,168883.5,152954.0,31.97,190.76,22.58064516129032,9.432241752450654,5.966843916171411
ORTEC-SYNTH-300-s49,300,latest,True,True,28.0,29.0,159718.5,166004.0,79.12,195.79,-3.571428571428571,-3.9353612762453944,2.4745955510616784
ORTEC-SYNTH-300-s49,300,retry,True,True,28.0,26.0,159718.5,147146.0,79.12,186.02,7.142857142857142,7.8716617048119035,2.351112234580384
ORTEC-SYNTH-300-s55,300,latest,True,True,29.0,29.0,170132.2,168484.0,40.28,202.53,0.0,0.9687760459219428,5.028053624627606
ORTEC-SYNTH-300-s55,300,retry,True,True,29.0,26.0,170132.2,157127.0,40.28,172.44,10.344827586206897,7.64417317826961,4.281032770605759
ORTEC-SYNTH-300-s57,300,latest,True,True,28.0,28.0,163892.1,127971.0,37.28,183.29,0.0,21.917529887041535,4.916577253218883
ORTEC-SYNTH-300-s57,300,retry,True,True,28.0,27.0,163892.1,160580.0,37.28,176.45,3.571428571428571,2.020902776887968,4.733100858369098
ORTEC-SYNTH-300-s56,300,latest,True,True,31.0,30.0,156767.9,156162.0,51.48,176.92,3.225806451612903,0.3864949393338778,3.4366744366744366
ORTEC-SYNTH-300-s56,300,retry,True,True,31.0,27.0,156767.9,148829.0,51.48,165.24,12.903225806451612,5.064110701234114,3.20979020979021
ORTEC-SYNTH-300-s60,300,latest,True,True,28.0,27.0,140886.5,138893.0,37.04,110.11,3.571428571428571,1.4149687869313243,2.972732181425486
ORTEC-SYNTH-300-s60,300,retry,True,True,28.0,27.0,140886.5,138893.0,37.04,110.11,3.571428571428571,1.4149687869313243,2.972732181425486
ORTEC-SYNTH-300-s61,300,latest,True,True,29.0,26.0,132562.4,128092.0,29.15,99.45,10.344827586206897,3.372298630682603,3.411663807890223
ORTEC-SYNTH-300-s61,300,retry,True,True,29.0,25.0,132562.4,126977.0,29.15,161.43,13.793103448275861,4.213411947882653,5.5379073756432255
ORTEC-SYNTH-300-s58,300,latest,True,True,31.0,29.0,169095.0,157229.0,69.15,101.75,6.451612903225806,7.017357106951713,1.4714389009399855
ORTEC-SYNTH-300-s58,300,retry,True,True,31.0,25.0,169095.0,124657.0,69.15,86.85,19.35483870967742,26.279901830332065,1.2559652928416485
ORTEC-SYNTH-300-s62,300,latest,True,True,31.0,30.0,179501.9,133980.0,29.99,105.91,3.225806451612903,25.360121536317997,3.531510503501167
ORTEC-SYNTH-300-s62,300,retry,True,True,31.0,28.0,179501.9,169932.0,29.99,151.46,9.67741935483871,5.3313641805462755,5.050350116705569
ORTEC-SYNTH-300-s63,300,latest,True,True,28.0,28.0,157665.9,154926.0,47.39,176.31,0.0,1.7377885769846204,3.7204051487655625
ORTEC-SYNTH-300-s63,300,retry,True,True,28.0,27.0,157665.9,151785.0,47.39,165.75,3.571428571428571,3.729975854005206,3.497573327706267
ORTEC-SYNTH-300-s65,300,latest,True,True,29.0,28.0,133575.9,111979.0,26.82,186.47,3.4482758620689653,16.168260891373365,6.952647278150634
ORTEC-SYNTH-300-s65,300,retry,True,True,29.0,28.0,133575.9,111979.0,26.82,186.47,3.4482758620689653,16.168260891373365,6.952647278150634
ORTEC-SYNTH-300-s59,300,latest,False,True,0.0,22.0,0.0,113735.0,120.48,197.24,,,1.6371181938911024
ORTEC-SYNTH-300-s59,300,retry,False,True,0.0,22.0,0.0,113735.0,120.48,197.24,,,1.6371181938911024
ORTEC-SYNTH-300-s66,300,latest,True,True,28.0,28.0,143440.5,146979.0,33.14,200.16,0.0,-2.4668765097723444,6.03983101991551
ORTEC-SYNTH-300-s66,300,retry,True,True,28.0,25.0,143440.5,143605.0,33.14,160.92,10.714285714285714,-0.11468169728911988,4.855763427881714
ORTEC-SYNTH-300-s64,300,latest,True,True,28.0,29.0,157223.1,158417.0,89.39,191.7,-3.571428571428571,-0.759366785160701,2.144535182906365
ORTEC-SYNTH-300-s64,300,retry,True,True,28.0,29.0,157223.1,158417.0,89.39,191.7,-3.571428571428571,-0.759366785160701,2.144535182906365
ORTEC-SYNTH-300-s67,300,latest,True,True,31.0,31.0,172096.4,127570.0,39.05,183.22,0.0,25.87294097959051,4.691933418693982
ORTEC-SYNTH-300-s67,300,retry,True,True,31.0,28.0,172096.4,122736.0,39.05,153.33,9.67741935483871,28.68183181054339,3.9265044814340597
ORTEC-SYNTH-300-s69,300,latest,True,True,31.0,31.0,170763.5,172329.0,30.19,180.85,0.0,-0.9167649995461559,5.990394170255051
ORTEC-SYNTH-300-s69,300,retry,True,True,31.0,28.0,170763.5,163173.0,30.19,181.96,9.67741935483871,4.4450365564069605,6.0271613116926135
ORTEC-SYNTH-300-s72,300,latest,True,True,29.0,30.0,152207.7,161440.0,33.1,171.94,-3.4482758620689653,-6.065593264992499,5.194561933534743
ORTEC-SYNTH-300-s72,300,retry,True,True,29.0,27.0,152207.7,122393.0,33.1,151.62,6.896551724137931,19.588168009897007,4.580664652567976
ORTEC-SYNTH-300-s70,300,latest,True,True,31.0,33.0,184821.9,147025.0,55.58,175.75,-6.451612903225806,20.45044445490496,3.162108672184239
ORTEC-SYNTH-300-s70,300,retry,True,True,31.0,29.0,184821.9,172487.0,55.58,210.19,6.451612903225806,6.673938532176109,3.781756027347967
ORTEC-SYNTH-300-s73,300,latest,True,True,29.0,26.0,114677.0,112456.0,24.91,197.89,10.344827586206897,1.9367440724818403,7.9441991168205535
ORTEC-SYNTH-300-s73,300,retry,True,True,29.0,24.0,114677.0,111419.0,24.91,193.93,17.24137931034483,2.841023047341664,7.785226816539542
ORTEC-SYNTH-300-s68,300,latest,False,True,0.0,22.0,0.0,106897.0,120.43,300.11,,,2.4919870464170057
ORTEC-SYNTH-300-s68,300,retry,False,True,0.0,22.0,0.0,106897.0,120.43,300.11,,,2.4919870464170057
ORTEC-SYNTH-300-s75,300,latest,True,True,28.0,27.0,134140.1,137139.0,34.7,177.83,3.571428571428571,-2.235647654951796,5.12478386167147
ORTEC-SYNTH-300-s75,300,retry,True,True,28.0,27.0,134140.1,137139.0,34.7,177.83,3.571428571428571,-2.235647654951796,5.12478386167147
ORTEC-SYNTH-300-s71,300,latest,False,False,0.0,0.0,0.0,0.0,120.65,247.41,,,2.050642353916287
ORTEC-SYNTH-300-s71,300,retry,False,False,0.0,0.0,0.0,0.0,120.65,247.41,,,2.050642353916287
ORTEC-SYNTH-300-s76,300,latest,True,True,29.0,30.0,154488.5,159827.0,29.56,212.82,-3.4482758620689653,-3.4555970185483065,7.199594046008119
ORTEC-SYNTH-300-s76,300,retry,True,True,29.0,27.0,154488.5,148053.0,29.56,157.62,6.896551724137931,4.165682235247284,5.332205683355887
ORTEC-SYNTH-300-s74,300,latest,True,True,29.0,28.0,163512.4,157061.0,73.48,183.48,3.4482758620689653,3.9455111661256237,2.4970059880239517
ORTEC-SYNTH-300-s74,300,retry,True,True,29.0,28.0,163512.4,157061.0,73.48,183.48,3.4482758620689653,3.9455111661256237,2.4970059880239517
ORTEC-SYNTH-300-s79,300,latest,True,True,28.0,28.0,148676.1,147290.0,33.1,175.46,0.0,0.9322951032479367,5.300906344410876
ORTEC-SYNTH-300-s79,300,retry,True,True,28.0,26.0,148676.1,141011.0,33.1,192.91,7.142857142857142,5.15556972506005,5.82809667673716
ORTEC-SYNTH-300-s78,300,latest,True,True,29.0,31.0,172699.6,167427.0,37.54,224.97,-6.896551724137931,3.0530470250075887,5.992807671816729
ORTEC-SYNTH-300-s78,300,retry,True,True,29.0,28.0,172699.6,160330.0,37.54,158.38,3.4482758620689653,7.162494875494793,4.2189664358018115
ORTEC-SYNTH-300-s81,300,latest,True,True,29.0,28.0,139370.0,135439.0,26.63,177.88,3.4482758620689653,2.8205496161297265,6.679684566278633
ORTEC-SYNTH-300-s81,300,retry,True,True,29.0,27.0,139370.0,110714.0,26.63,91.21,6.896551724137931,20.561096362201333,3.425084491175366
ORTEC-SYNTH-300-s80,300,latest,True,True,27.0,28.0,140455.1,144710.0,68.58,164.7,-3.7037037037037033,-3.0293666801703845,2.401574803149606
ORTEC-SYNTH-300-s80,300,retry,True,True,27.0,25.0,140455.1,138340.0,68.58,68.28,7.4074074074074066,1.505890494542388,0.9956255468066492
ORTEC-SYNTH-300-s82,300,latest,True,True,27.0,28.0,143080.2,149659.0,35.38,159.65,-3.7037037037037033,-4.597980712914846,4.5124364047484455
ORTEC-SYNTH-300-s82,300,retry,True,True,27.0,25.0,143080.2,133605.0,35.38,163.82,7.4074074074074066,6.622299940872329,4.630299604296212
ORTEC-SYNTH-300-s83,300,latest,True,True,28.0,27.0,156749.1,148352.0,33.82,186.65,3.571428571428571,5.357032352976831,5.518923713778829
ORTEC-SYNTH-300-s83,300,retry,True,True,28.0,27.0,156749.1,148352.0,33.82,186.65,3.571428571428571,5.357032352976831,5.518923713778829
ORTEC-SYNTH-300-s77,300,latest,False,False,0.0,0.0,0.0,0.0,120.43,344.85,,,2.8634891638296107
ORTEC-SYNTH-300-s77,300,retry,False,True,0.0,32.0,0.0,227773.0,120.43,131.88,,,1.0950759777464085
ORTEC-SYNTH-300-s85,300,latest,True,True,30.0,29.0,158177.6,116103.0,44.39,156.31,3.3333333333333335,26.59959437998807,3.521288578508673
ORTEC-SYNTH-300-s85,300,retry,True,True,30.0,29.0,158177.6,116103.0,44.39,156.31,3.3333333333333335,26.59959437998807,3.521288578508673
ORTEC-SYNTH-300-s86,300,latest,True,True,30.0,28.0,177642.8,163266.0,33.93,171.41,6.666666666666667,8.093094682137407,5.051871500147362
ORTEC-SYNTH-300-s86,300,retry,True,True,30.0,28.0,177642.8,163266.0,33.93,171.41,6.666666666666667,8.093094682137407,5.051871500147362
ORTEC-SYNTH-300-s87,300,latest,True,True,29.0,27.0,153524.8,157412.0,31.29,175.66,6.896551724137931,-2.5319687763801104,5.613934164269735
ORTEC-SYNTH-300-s87,300,retry,True,True,29.0,27.0,153524.8,157412.0,31.29,175.66,6.896551724137931,-2.5319687763801104,5.613934164269735
ORTEC-SYNTH-300-s89,300,latest,True,True,34.0,34.0,195272.7,200857.0,41.43,175.81,0.0,-2.859744347264102,4.243543326092204
ORTEC-SYNTH-300-s89,300,retry,True,True,34.0,30.0,195272.7,185158.0,41.43,193.33,11.76470588235294,5.179781915239565,4.66642529567946
ORTEC-SYNTH-300-s90,300,latest,True,True,29.0,29.0,149695.4,146652.0,31.92,108.8,0.0,2.033061804170331,3.408521303258145
ORTEC-SYNTH-300-s90,300,retry,True,True,29.0,29.0,149695.4,146652.0,31.92,108.8,0.0,2.033061804170331,3.408521303258145
ORTEC-SYNTH-300-s84,300,latest,True,True,30.0,30.0,183880.2,186342.0,101.86,156.19,0.0,-1.3388064620334263,1.53337914784999
ORTEC-SYNTH-300-s84,300,retry,True,True,30.0,27.0,183880.2,174026.0,101.86,196.74,10.0,5.359032674534839,1.9314745729432556
ORTEC-SYNTH-300-s92,300,latest,True,True,27.0,27.0,132146.4,103338.0,26.22,107.5,0.0,21.800366865839703,4.099923722349351
ORTEC-SYNTH-300-s92,300,retry,True,True,27.0,25.0,132146.4,128913.0,26.22,176.86,7.4074074074074066,2.446831695755612,6.745232646834478
ORTEC-SYNTH-300-s94,300,latest,True,True,27.0,26.0,134292.0,131292.0,30.9,174.14,3.7037037037037033,2.233937985881512,5.635598705501618
ORTEC-SYNTH-300-s94,300,retry,True,True,27.0,25.0,134292.0,132539.0,30.9,160.82,7.4074074074074066,1.3053644297500968,5.204530744336569
ORTEC-SYNTH-300-s88,300,latest,False,False,0.0,0.0,0.0,0.0,120.49,321.76,,,2.670429081251556
ORTEC-SYNTH-300-s88,300,retry,False,True,0.0,25.0,0.0,131663.0,120.49,149.85,,,1.2436716739978422
ORTEC-SYNTH-300-s93,300,latest,True,True,28.0,28.0,144710.6,144659.0,79.1,180.18,0.0,0.03565737409699484,2.2778761061946904
ORTEC-SYNTH-300-s93,300,retry,True,True,28.0,25.0,144710.6,137783.0,79.1,147.84,10.714285714285714,4.787209782835539,1.8690265486725666
ORTEC-SYNTH-300-s95,300,latest,True,True,32.0,31.0,175622.7,175423.0,34.66,177.82,3.125,0.11370967420499264,5.130409694171957
ORTEC-SYNTH-300-s95,300,retry,True,True,32.0,28.0,175622.7,160485.0,34.66,173.33,12.5,8.619443841826833,5.0008655510675135
ORTEC-SYNTH-300-s96,300,latest,True,True,30.0,32.0,156964.7,193981.0,28.1,138.0,-6.666666666666667,-23.58256346809186,4.911032028469751
ORTEC-SYNTH-300-s96,300,retry,True,True,30.0,29.0,156964.7,157191.0,28.1,192.65,3.3333333333333335,-0.14417254325334827,6.855871886120997
ORTEC-SYNTH-300-s91,300,latest,False,False,0.0,0.0,0.0,0.0,120.5,314.31,,,2.6083817427385894
ORTEC-SYNTH-300-s91,300,retry,False,True,0.0,34.0,0.0,232478.0,120.5,135.91,,,1.127883817427386
ORTEC-SYNTH-300-s98,300,latest,True,True,30.0,29.0,154759.8,153068.0,33.41,159.95,3.3333333333333335,1.09317794414311,4.787488775815624
ORTEC-SYNTH-300-s98,300,retry,True,True,30.0,29.0,154759.8,128735.0,33.41,179.12,3.3333333333333335,16.816253316429712,5.36126908111344
ORTEC-SYNTH-300-s99,300,latest,True,True,29.0,29.0,152213.6,148922.0,34.96,190.03,0.0,2.1624874518439916,5.435640732265446
ORTEC-SYNTH-300-s99,300,retry,True,True,29.0,29.0,152213.6,148922.0,34.96,190.03,0.0,2.1624874518439916,5.435640732265446
ORTEC-SYNTH-300-s97,300,latest,True,True,29.0,28.0,159692.0,120626.0,58.53,106.26,3.4482758620689653,24.463341933221454,1.8154792414146592
ORTEC-SYNTH-300-s97,300,retry,True,True,29.0,26.0,159692.0,151384.0,58.53,164.16,10.344827586206897,5.202514841069058,2.8047155304971807
ORTEC-SYNTH-500-s201,500,latest,True,True,45.0,46.0,242521.2,248951.0,74.77,205.08,-2.2222222222222223,-2.6512321397057197,2.7428112879497126
ORTEC-SYNTH-500-s201,500,retry,True,True,45.0,42.0,242521.2,238630.0,74.77,174.47,6.666666666666667,1.6044782889083558,2.333422495653337
ORTEC-SYNTH-500-s200,500,latest,True,True,47.0,46.0,262679.9,199956.0,88.41,170.58,2.127659574468085,23.87845434690664,1.9294197488971838
ORTEC-SYNTH-500-s200,500,retry,True,True,47.0,46.0,262679.9,199956.0,88.41,170.58,2.127659574468085,23.87845434690664,1.9294197488971838
ORTEC-SYNTH-500-s202,500,latest,False,True,46.0,47.0,241455.2,241188.0,104.38,225.86,,,2.1638244874497032
ORTEC-SYNTH-500-s202,500,retry,False,True,46.0,47.0,241455.2,241188.0,104.38,225.86,,,2.1638244874497032
ORTEC-SYNTH-500-s203,500,latest,True,True,46.0,43.0,232244.3,179695.0,122.21,176.71,6.521739130434782,22.62673400380547,1.445953686277719
ORTEC-SYNTH-500-s203,500,retry,True,True,46.0,41.0,232244.3,218447.0,122.21,163.89,10.869565217391305,5.940856244911065,1.3410522870468864
ORTEC-SYNTH-500-s204,500,latest,True,True,45.0,44.0,215787.6,215698.0,80.8,170.3,2.2222222222222223,0.04152231175470964,2.107673267326733
ORTEC-SYNTH-500-s204,500,retry,True,True,45.0,43.0,215787.6,209232.0,80.8,160.71,4.444444444444445,3.0379873542316638,1.9889851485148518
ORTEC-SYNTH-500-s205,500,latest,True,True,44.0,44.0,217261.3,213567.0,74.73,236.96,0.0,1.700394870140236,3.17088184129533
ORTEC-SYNTH-500-s205,500,retry,True,True,44.0,44.0,217261.3,213567.0,74.73,236.96,0.0,1.700394870140236,3.17088184129533
ORTEC-SYNTH-500-s206,500,latest,False,False,0.0,0.0,0.0,0.0,120.77,394.5,,,3.266539703568767
ORTEC-SYNTH-500-s206,500,retry,False,True,0.0,94.0,0.0,1204961.0,120.77,139.25,,,1.153018133642461
ORTEC-SYNTH-500-s208,500,latest,False,True,46.0,49.0,242607.9,343748.0,79.92,141.93,,,1.775900900900901
ORTEC-SYNTH-500-s208,500,retry,False,True,46.0,43.0,242607.9,236274.0,79.92,159.94,,,2.0012512512512513
ORTEC-SYNTH-500-s207,500,latest,True,True,46.0,44.0,227546.5,221694.0,122.0,180.02,4.3478260869565215,2.572001766671867,1.4755737704918033
ORTEC-SYNTH-500-s207,500,retry,True,True,46.0,44.0,227546.5,221694.0,122.0,180.02,4.3478260869565215,2.572001766671867,1.4755737704918033
ORTEC-SYNTH-500-s209,500,latest,False,True,0.0,49.0,0.0,323173.0,120.82,144.43,,,1.1954146664459528
ORTEC-SYNTH-500-s209,500,retry,False,True,0.0,47.0,0.0,299747.0,120.82,147.57,,,1.2214037411024665
ORTEC-SYNTH-500-s210,500,latest,True,True,44.0,44.0,223759.9,172833.0,69.78,186.72,0.0,22.759618680558937,2.6758383490971624
ORTEC-SYNTH-500-s210,500,retry,True,True,44.0,43.0,223759.9,220051.0,69.78,166.61,2.272727272727273,1.6575355995421852,2.387646890226426
ORTEC-SYNTH-500-s211,500,latest,True,True,45.0,48.0,232835.2,238854.0,98.67,192.16,-6.666666666666667,-2.585004329242309,1.9475017735887301
ORTEC-SYNTH-500-s211,500,retry,True,True,45.0,43.0,232835.2,226449.0,98.67,188.49,4.444444444444445,2.7427983397699367,1.9103070842201277
ORTEC-SYNTH-500-s213,500,latest,True,True,41.0,46.0,211761.4,261940.0,91.78,139.98,-12.195121951219512,-23.695819918077614,1.5251688821093918
ORTEC-SYNTH-500-s213,500,retry,True,True,41.0,39.0,211761.4,162106.0,91.78,255.6,4.878048780487805,23.448749394365542,2.7849204619742864
ORTEC-SYNTH-500-s212,500,latest,True,True,45.0,43.0,231214.9,234246.0,121.0,155.17,4.444444444444445,-1.3109449261271682,1.282396694214876
ORTEC-SYNTH-500-s212,500,retry,True,True,45.0,42.0,231214.9,232285.0,121.0,176.46,6.666666666666667,-0.4628161939390609,1.4583471074380165
ORTEC-SYNTH-500-s214,500,latest,True,True,42.0,43.0,179557.0,185448.0,109.63,186.69,-2.380952380952381,-3.2808523198761397,1.7029097874669343
ORTEC-SYNTH-500-s214,500,retry,True,True,42.0,41.0,179557.0,185535.0,109.63,180.65,2.380952380952381,-3.3293049003937467,1.6478153790020982
ORTEC-SYNTH-500-s215,500,latest,True,True,48.0,47.0,282150.4,282358.0,88.12,174.43,2.083333333333333,-0.07357777979403067,1.9794598275079436
ORTEC-SYNTH-500-s215,500,retry,True,True,48.0,42.0,282150.4,178648.0,88.12,169.5,12.5,36.68341423581183,1.9235133908306854
ORTEC-SYNTH-500-s216,500,latest,True,True,42.0,42.0,194416.6,158999.0,77.6,185.35,0.0,18.217374442305857,2.3885309278350517
ORTEC-SYNTH-500-s216,500,retry,True,True,42.0,38.0,194416.6,198166.0,77.6,261.61,9.523809523809524,-1.9285390239310811,3.3712628865979384
ORTEC-SYNTH-500-s217,500,latest,True,True,43.0,43.0,235321.2,232948.0,122.69,214.14,0.0,1.0084939223495424,1.745374521150868
ORTEC-SYNTH-500-s217,500,retry,True,True,43.0,41.0,235321.2,223754.0,122.69,205.56,4.651162790697675,4.915494226614522,1.6754421713261065
ORTEC-SYNTH-500-s219,500,latest,True,True,48.0,48.0,250598.3,244586.0,89.47,180.01,0.0,2.3991782865246845,2.011959315971834
ORTEC-SYNTH-500-s219,500,retry,True,True,48.0,45.0,250598.3,240217.0,89.47,168.42,6.25,4.1426059155229655,1.8824186878283222
ORTEC-SYNTH-500-s218,500,latest,False,True,0.0,45.0,0.0,212497.0,120.82,177.36,,,1.4679688793246153
ORTEC-SYNTH-500-s218,500,retry,False,True,0.0,45.0,0.0,212497.0,120.82,177.36,,,1.4679688793246153
ORTEC-SYNTH-500-s220,500,latest,True,True,46.0,45.0,214079.9,212808.0,100.93,153.81,2.1739130434782608,0.594123969602001,1.5239274744872684
ORTEC-SYNTH-500-s220,500,retry,True,True,46.0,40.0,214079.9,214991.0,100.93,169.62,13.043478260869565,-0.425588763821361,1.6805706925591994
ORTEC-SYNTH-500-s222,500,latest,False,True,46.0,53.0,258308.3,381837.0,71.85,165.91,,,2.3091162143354214
ORTEC-SYNTH-500-s222,500,retry,False,True,46.0,44.0,258308.3,275466.0,71.85,160.02,,,2.22713987473904
ORTEC-SYNTH-500-s223,500,latest,True,True,42.0,40.0,173664.1,179271.0,79.53,189.07,4.761904761904762,-3.228588982984966,2.3773418835659497
ORTEC-SYNTH-500-s223,500,retry,True,True,42.0,40.0,173664.1,179271.0,79.53,189.07,4.761904761904762,-3.228588982984966,2.3773418835659497
ORTEC-SYNTH-500-s221,500,latest,True,True,43.0,42.0,232039.0,224693.0,121.95,182.45,2.3255813953488373,3.165847120527153,1.4961049610496104
ORTEC-SYNTH-500-s221,500,retry,True,True,43.0,39.0,232039.0,215690.0,121.95,183.62,9.30232558139535,7.045798335624615,1.50569905699057
ORTEC-SYNTH-500-s224,500,latest,True,True,44.0,42.0,229434.7,225392.0,93.77,182.99,4.545454545454546,1.7620264066420692,1.9514770182361099
ORTEC-SYNTH-500-s224,500,retry,True,True,44.0,40.0,229434.7,215861.0,93.77,175.55,9.090909090909092,5.9161495623809355,1.8721339447584517
ORTEC-SYNTH-500-s225,500,latest,True,True,47.0,45.0,246397.3,195281.0,75.67,191.18,4.25531914893617,20.745478948024182,2.5264966301044005
ORTEC-SYNTH-500-s225,500,retry,True,True,47.0,45.0,246397.3,195281.0,75.67,191.18,4.25531914893617,20.745478948024182,2.5264966301044005
ORTEC-SYNTH-500-s226,500,latest,False,True,43.0,43.0,204410.5,227069.0,74.49,183.2,,,2.4593905222177472
ORTEC-SYNTH-500-s226,500,retry,False,True,43.0,43.0,204410.5,190751.0,74.49,140.19,,,1.8819975835682643
ORTEC-SYNTH-500-s228,500,latest,True,True,45.0,45.0,243490.5,194113.0,100.3,185.18,0.0,20.27902525971239,1.8462612163509473
ORTEC-SYNTH-500-s228,500,retry,True,True,45.0,43.0,243490.5,244475.0,100.3,257.2,4.444444444444445,-0.4043278895891215,2.564307078763709
ORTEC-SYNTH-500-s229,500,latest,True,True,41.0,40.0,201730.0,202030.0,89.61,190.22,2.4390243902439024,-0.1487136271253656,2.1227541569021313
ORTEC-SYNTH-500-s229,500,retry,True,True,41.0,40.0,201730.0,202030.0,89.61,190.22,2.4390243902439024,-0.1487136271253656,2.1227541569021313
ORTEC-SYNTH-500-s227,500,latest,True,True,43.0,43.0,224800.9,173559.0,122.7,194.18,0.0,22.794348243267706,1.582559087204564
ORTEC-SYNTH-500-s227,500,retry,True,True,43.0,43.0,224800.9,173559.0,122.7,194.18,0.0,22.794348243267706,1.582559087204564
ORTEC-SYNTH-500-s230,500,latest,True,True,43.0,41.0,226994.1,179513.0,83.85,192.25,4.651162790697675,20.917327807198514,2.2927847346452
ORTEC-SYNTH-500-s230,500,retry,True,True,43.0,40.0,226994.1,220517.0,83.85,175.95,6.976744186046512,2.8534221814575824,2.098389982110912
ORTEC-SYNTH-500-s232,500,latest,True,True,44.0,42.0,235105.3,232823.0,66.7,169.8,4.545454545454546,0.9707565078286148,2.5457271364317844
ORTEC-SYNTH-500-s232,500,retry,True,True,44.0,39.0,235105.3,227595.0,66.7,272.56,11.363636363636363,3.194440959008576,4.086356821589205
ORTEC-SYNTH-500-s231,500,latest,True,True,43.0,42.0,249534.3,250345.0,87.44,175.94,2.3255813953488373,-0.3248851961433806,2.0121225983531565
ORTEC-SYNTH-500-s231,500,retry,True,True,43.0,40.0,249534.3,234376.0,87.44,167.92,6.976744186046512,6.074635831627151,1.920402561756633
ORTEC-SYNTH-500-s234,500,latest,False,True,45.0,47.0,231726.5,216126.0,77.3,130.9,,,1.6934023285899096
ORTEC-SYNTH-500-s234,500,retry,False,True,45.0,46.0,231726.5,318337.0,77.3,157.35,,,2.035575679172057
ORTEC-SYNTH-500-s233,500,latest,False,True,43.0,46.0,204453.6,204651.0,121.82,140.8,,,1.1558036447217208
ORTEC-SYNTH-500-s233,500,retry,False,True,43.0,43.0,204453.6,217856.0,121.82,141.74,,,1.1635199474634708
ORTEC-SYNTH-500-s235,500,latest,False,True,46.0,47.0,256864.1,348744.0,86.93,140.74,,,1.619003796157828
ORTEC-SYNTH-500-s235,500,retry,False,True,46.0,47.0,256864.1,218782.0,86.93,183.66,,,2.112734383987116
ORTEC-SYNTH-500-s236,500,latest,False,True,47.0,45.0,233178.0,225794.0,81.62,176.35,,,2.160622396471453
ORTEC-SYNTH-500-s236,500,retry,False,True,47.0,45.0,233178.0,225794.0,81.62,176.35,,,2.160622396471453
ORTEC-SYNTH-500-s237,500,latest,True,True,46.0,44.0,270241.1,194898.0,90.76,168.38,4.3478260869565215,27.8799560836601,1.8552225650066108
ORTEC-SYNTH-500-s237,500,retry,True,True,46.0,41.0,270241.1,254697.0,90.76,175.2,10.869565217391305,5.751937806647463,1.9303657999118553
ORTEC-SYNTH-500-s239,500,latest,True,True,45.0,44.0,251016.5,252320.0,79.03,184.09,2.2222222222222223,-0.51928857266355,2.329368594204732
ORTEC-SYNTH-500-s239,500,retry,True,True,45.0,41.0,251016.5,241433.0,79.03,112.52,8.88888888888889,3.817876514093695,1.423763127926104
ORTEC-SYNTH-500-s240,500,latest,False,True,47.0,50.0,247135.8,357262.0,76.12,144.64,,,1.9001576458223854
ORTEC-SYNTH-500-s240,500,retry,False,True,47.0,45.0,247135.8,221534.0,76.12,130.81,,,1.7184708355228586
ORTEC-SYNTH-500-s238,500,latest,False,False,0.0,0.0,0.0,0.0,122.9,160.11,,,1.302766476810415
ORTEC-SYNTH-500-s238,500,retry,False,True,0.0,44.0,0.0,232773.0,122.9,129.77,,,1.0558991049633848
ORTEC-SYNTH-500-s241,500,latest,True,True,45.0,45.0,215045.0,210098.0,92.48,162.48,0.0,2.300448743286289,1.7569204152249134
ORTEC-SYNTH-500-s241,500,retry,True,True,45.0,42.0,215045.0,213281.0,92.48,173.9,6.666666666666667,0.8202934269571485,1.8804065743944636
ORTEC-SYNTH-500-s242,500,latest,False,True,42.0,44.0,213691.0,288912.0,83.09,141.17,,,1.6990010831628353
ORTEC-SYNTH-500-s242,500,retry,False,True,42.0,41.0,213691.0,275856.0,83.09,138.65,,,1.6686725237694067
ORTEC-SYNTH-500-s243,500,latest,True,True,42.0,42.0,206526.3,206082.0,83.6,161.82,0.0,0.21512998586620125,1.935645933014354
ORTEC-SYNTH-500-s243,500,retry,True,True,42.0,42.0,206526.3,206082.0,83.6,161.82,0.0,0.21512998586620125,1.935645933014354
ORTEC-SYNTH-500-s244,500,latest,True,True,44.0,43.0,231709.7,232518.0,121.57,186.76,2.272727272727273,-0.3488416755966575,1.536234268322777
ORTEC-SYNTH-500-s244,500,retry,True,True,44.0,43.0,231709.7,176677.0,121.57,168.69,2.272727272727273,23.75071047953539,1.387595623920375
ORTEC-SYNTH-500-s245,500,latest,True,True,45.0,45.0,227007.1,181120.0,93.59,190.88,0.0,20.213949255331663,2.039534138262635
ORTEC-SYNTH-500-s245,500,retry,True,True,45.0,43.0,227007.1,224890.0,93.59,190.17,4.444444444444445,0.932614001940911,2.031947857677102
ORTEC-SYNTH-500-s246,500,latest,True,True,42.0,43.0,209492.5,213798.0,88.47,176.41,-2.380952380952381,-2.0552048402687446,1.9940092686786481
ORTEC-SYNTH-500-s246,500,retry,True,True,42.0,40.0,209492.5,200062.0,88.47,207.22,4.761904761904762,4.501593135792451,2.342262913982141
ORTEC-SYNTH-500-s247,500,latest,True,True,44.0,44.0,243589.3,247719.0,103.39,186.44,0.0,-1.6953536136439538,1.8032691749685656
ORTEC-SYNTH-500-s247,500,retry,True,True,44.0,42.0,243589.3,236452.0,103.39,166.37,4.545454545454546,2.9300548094682277,1.6091498210658672
ORTEC-SYNTH-500-s249,500,latest,True,True,44.0,43.0,216547.6,211546.0,76.26,185.42,2.272727272727273,2.3097000382363997,2.431418830317335
ORTEC-SYNTH-500-s249,500,retry,True,True,44.0,43.0,216547.6,211546.0,76.26,185.42,2.272727272727273,2.3097000382363997,2.431418830317335
ORTEC-SYNTH-500-s248,500,latest,True,True,46.0,44.0,224109.9,165255.0,121.54,188.07,4.3478260869565215,26.261624319139848,1.547391805167023
ORTEC-SYNTH-500-s248,500,retry,True,True,46.0,41.0,224109.9,211828.0,121.54,165.13,10.869565217391305,5.480302298113557,1.3586473588941912
ORTEC-SYNTH-500-s251,500,latest,True,True,43.0,42.0,167368.7,136398.0,61.79,183.59,2.3255813953488373,18.504475448515766,2.9711927496358634
ORTEC-SYNTH-500-s251,500,retry,True,True,43.0,40.0,167368.7,165895.0,61.79,346.29,6.976744186046512,0.8805111110978406,5.604304903706102
ORTEC-SYNTH-500-s250,500,latest,False,False,0.0,0.0,0.0,0.0,120.85,344.07,,,2.8470831609433183
ORTEC-SYNTH-500-s250,500,retry,False,True,0.0,44.0,0.0,339012.0,120.85,153.12,,,1.267025237898221
ORTEC-SYNTH-500-s252,500,latest,False,False,0.0,0.0,0.0,0.0,120.86,400.55,,,3.3141651497600533
ORTEC-SYNTH-500-s252,500,retry,False,True,0.0,42.0,0.0,246304.0,120.86,186.1,,,1.539798113519775
ORTEC-SYNTH-500-s254,500,latest,True,True,45.0,44.0,214472.5,222457.0,85.85,156.07,2.2222222222222223,-3.7228549114688363,1.8179382644146769
ORTEC-SYNTH-500-s254,500,retry,True,True,45.0,43.0,214472.5,222996.0,85.85,189.04,4.444444444444445,-3.974169182529229,2.201980198019802
ORTEC-SYNTH-500-s253,500,latest,False,True,47.0,46.0,245416.1,189352.0,121.48,160.14,,,1.3182416858742179
ORTEC-SYNTH-500-s253,500,retry,False,True,47.0,46.0,245416.1,189352.0,121.48,160.14,,,1.3182416858742179
ORTEC-SYNTH-500-s256,500,latest,True,True,45.0,43.0,222624.9,220357.0,72.39,189.76,4.444444444444445,1.0187090482690815,2.6213565409586956
ORTEC-SYNTH-500-s256,500,retry,True,True,45.0,42.0,222624.9,178975.0,72.39,253.72,6.666666666666667,19.606926269253798,3.5049039922641247
ORTEC-SYNTH-500-s255,500,latest,False,False,0.0,0.0,0.0,0.0,120.9,265.66,,,2.1973531844499585
ORTEC-SYNTH-500-s255,500,retry,False,True,0.0,43.0,0.0,201051.0,120.9,148.37,,,1.2272125723738627
ORTEC-SYNTH-500-s257,500,latest,False,True,44.0,43.0,238885.0,190735.0,79.78,152.24,,,1.9082476811230886
ORTEC-SYNTH-500-s257,500,retry,False,True,44.0,43.0,238885.0,190735.0,79.78,152.24,,,1.9082476811230886
ORTEC-SYNTH-500-s260,500,latest,True,True,43.0,43.0,212370.6,209036.0,70.83,188.74,0.0,1.570179676471228,2.664690103063674
ORTEC-SYNTH-500-s260,500,retry,True,True,43.0,43.0,212370.6,203102.0,70.83,183.38,0.0,4.36435175113693,2.5890159536919386
ORTEC-SYNTH-500-s258,500,latest,True,True,48.0,46.0,263664.5,251131.0,122.05,177.37,4.166666666666666,4.753578885287933,1.4532568619418271
ORTEC-SYNTH-500-s258,500,retry,True,True,48.0,43.0,263664.5,243489.0,122.05,203.59,10.416666666666668,7.651959213318441,1.6680868496517822
ORTEC-SYNTH-500-s261,500,latest,True,True,49.0,48.0,264007.9,261043.0,92.99,185.38,2.0408163265306123,1.1230345758592917,1.9935476933003549
ORTEC-SYNTH-500-s261,500,retry,True,True,49.0,48.0,264007.9,261043.0,92.99,185.38,2.0408163265306123,1.1230345758592917,1.9935476933003549
ORTEC-SYNTH-500-s259,500,latest,True,True,46.0,46.0,234347.2,249370.0,106.9,203.97,0.0,-6.410488369393782,1.908044901777362
ORTEC-SYNTH-500-s259,500,retry,True,True,46.0,42.0,234347.2,229945.0,106.9,163.03,8.695652173913043,1.8784948145316056,1.525070159027128
ORTEC-SYNTH-500-s262,500,latest,True,True,41.0,40.0,188052.2,148798.0,66.94,223.19,2.4390243902439024,20.87409772392985,3.3341798625634897
ORTEC-SYNTH-500-s262,500,retry,True,True,41.0,40.0,188052.2,148798.0,66.94,223.19,2.4390243902439024,20.87409772392985,3.3341798625634897
ORTEC-SYNTH-500-s264,500,latest,True,True,44.0,37.0,202373.4,172431.0,69.13,184.87,15.909090909090908,14.795620373033213,2.674236944886446
ORTEC-SYNTH-500-s264,500,retry,True,True,44.0,37.0,202373.4,172431.0,69.13,184.87,15.909090909090908,14.795620373033213,2.674236944886446
ORTEC-SYNTH-500-s265,500,latest,False,True,46.0,49.0,210222.3,272104.0,90.36,136.82,,,1.514165559982293
ORTEC-SYNTH-500-s265,500,retry,False,True,46.0,49.0,210222.3,272104.0,90.36,136.82,,,1.514165559982293
ORTEC-SYNTH-500-s263,500,latest,True,True,45.0,42.0,231127.4,222317.0,122.74,182.47,6.666666666666667,3.811923640381882,1.4866384226820923
ORTEC-SYNTH-500-s263,500,retry,True,True,45.0,40.0,231127.4,212276.0,122.74,161.09,11.11111111111111,8.156280908278289,1.3124490793547336
ORTEC-SYNTH-500-s266,500,latest,False,True,43.0,46.0,209775.8,289112.0,72.84,134.65,,,1.848572213069742
ORTEC-SYNTH-500-s266,500,retry,False,True,43.0,43.0,209775.8,288303.0,72.84,136.93,,,1.879873695771554
ORTEC-SYNTH-500-s267,500,latest,True,True,47.0,44.0,229738.0,174261.0,84.53,153.94,6.382978723404255,24.147942438778085,1.8211285933987933
ORTEC-SYNTH-500-s267,500,retry,True,True,47.0,41.0,229738.0,220768.0,84.53,184.05,12.76595744680851,3.904447675177811,2.17733349106826
ORTEC-SYNTH-500-s268,500,latest,True,True,42.0,43.0,203075.3,165410.0,81.28,197.36,-2.380952380952381,18.54745505731125,2.428149606299213
ORTEC-SYNTH-500-s268,500,retry,True,True,42.0,40.0,203075.3,203614.0,81.28,197.34,4.761904761904762,-0.26527105955279234,2.4279035433070866
ORTEC-SYNTH-500-s45,500,latest,True,True,42.0,44.0,225122.3,291700.0,86.07,138.93,-4.761904761904762,-29.574013769404463,1.614151272220286
ORTEC-SYNTH-500-s45,500,retry,True,True,42.0,40.0,225122.3,224959.0,86.07,169.44,4.761904761904762,0.07253834915509852,1.9686301847333567
ORTEC-SYNTH-500-s46,500,latest,True,True,45.0,46.0,222018.8,226679.0,72.71,172.27,-2.2222222222222223,-2.0990114350676663,2.36927520286068
ORTEC-SYNTH-500-s46,500,retry,True,True,45.0,45.0,222018.8,183133.0,72.71,172.06,0.0,17.51464290411442,2.366387016916518
ORTEC-SYNTH-500-s269,500,latest,False,True,48.0,53.0,272054.4,398709.0,122.1,136.94,,,1.1215397215397216
ORTEC-SYNTH-500-s269,500,retry,False,True,48.0,44.0,272054.4,310845.0,122.1,175.13,,,1.4343161343161344
ORTEC-SYNTH-500-s47,500,latest,True,True,42.0,40.0,170753.8,172720.0,69.55,155.04,4.761904761904762,-1.1514824267454145,2.2291876347951116
ORTEC-SYNTH-500-s47,500,retry,True,True,42.0,40.0,170753.8,172720.0,69.55,155.04,4.761904761904762,-1.1514824267454145,2.2291876347951116
ORTEC-SYNTH-800-s400,800,latest,True,True,70.0,69.0,323202.8,324597.0,121.79,186.21,1.4285714285714286,-0.43137002525968576,1.5289432629936777
ORTEC-SYNTH-800-s400,800,retry,True,True,70.0,67.0,323202.8,262382.0,121.79,107.05,4.285714285714286,18.81815380312299,0.8789720009853025
ORTEC-SYNTH-800-s401,800,latest,False,True,70.0,67.0,337954.6,452184.0,121.51,186.14,,,1.5318903793926424
ORTEC-SYNTH-800-s401,800,retry,False,True,70.0,67.0,337954.6,452184.0,121.51,186.14,,,1.5318903793926424
ORTEC-SYNTH-800-s402,800,latest,False,False,0.0,0.0,0.0,0.0,125.73,346.55,,,2.7563031893740555
ORTEC-SYNTH-800-s402,800,retry,False,True,0.0,65.0,0.0,262854.0,125.73,156.6,,,1.245526127415891
ORTEC-SYNTH-800-s403,800,latest,True,True,69.0,68.0,359042.8,268647.0,122.12,201.09,1.4492753623188406,25.176886989517683,1.6466590239109073
ORTEC-SYNTH-800-s403,800,retry,True,True,69.0,64.0,359042.8,353022.0,122.12,114.94,7.246376811594203,1.6769031435806505,0.9412053717654765
ORTEC-SYNTH-800-s404,800,latest,False,False,0.0,0.0,0.0,0.0,121.95,369.76,,,3.032062320623206
ORTEC-SYNTH-800-s404,800,retry,False,True,0.0,63.0,0.0,393433.0,121.95,165.98,,,1.361049610496105
ORTEC-SYNTH-800-s405,800,latest,False,True,69.0,72.0,371977.4,313233.0,121.61,151.19,,,1.2432365759394786
ORTEC-SYNTH-800-s405,800,retry,False,True,69.0,67.0,371977.4,401536.0,121.61,169.95,,,1.3975002055751993
ORTEC-SYNTH-800-s406,800,latest,True,True,66.0,62.0,324220.2,317239.0,123.36,177.72,6.0606060606060606,2.15322796050339,1.4406614785992218
ORTEC-SYNTH-800-s406,800,retry,True,True,66.0,60.0,324220.2,220283.0,123.36,100.41,9.090909090909092,32.05759542434432,0.8139591439688716
ORTEC-SYNTH-800-s407,800,latest,False,True,0.0,59.0,0.0,231001.0,122.24,151.05,,,1.2356839005235603
ORTEC-SYNTH-800-s407,800,retry,False,True,0.0,59.0,0.0,231001.0,122.24,151.05,,,1.2356839005235603
ORTEC-SYNTH-800-s408,800,latest,True,True,68.0,66.0,331428.6,335400.0,121.54,181.77,2.941176470588235,-1.1982671380804262,1.4955570182655915
ORTEC-SYNTH-800-s408,800,retry,True,True,68.0,66.0,331428.6,335400.0,121.54,181.77,2.941176470588235,-1.1982671380804262,1.4955570182655915
ORTEC-SYNTH-800-s409,800,latest,False,True,67.0,70.0,337010.4,275281.0,121.82,156.4,,,1.2838614349039568
ORTEC-SYNTH-800-s409,800,retry,False,True,67.0,68.0,337010.4,354726.0,121.82,149.66,,,1.2285339024790676
ORTEC-SYNTH-800-s410,800,latest,False,False,0.0,0.0,0.0,0.0,126.01,390.82,,,3.1014998809618284
ORTEC-SYNTH-800-s410,800,retry,False,True,0.0,67.0,0.0,420722.0,126.01,180.01,,,1.4285374176652645
ORTEC-SYNTH-800-s411,800,latest,False,True,71.0,73.0,348377.7,318804.0,121.99,171.53,,,1.4060988605623412
ORTEC-SYNTH-800-s411,800,retry,False,True,71.0,71.0,348377.7,391921.0,121.99,167.94,,,1.3766702188703992
ORTEC-SYNTH-800-s412,800,latest,False,True,76.0,74.0,420198.3,453842.0,121.9,148.5,,,1.2182116488925347
ORTEC-SYNTH-800-s412,800,retry,False,True,76.0,66.0,420198.3,406901.0,121.9,101.02,,,0.8287120590648072
ORTEC-SYNTH-800-s413,800,latest,False,True,70.0,74.0,346389.7,317006.0,122.09,174.82,,,1.431894504054386
ORTEC-SYNTH-800-s413,800,retry,False,True,70.0,70.0,346389.7,304734.0,122.09,145.09,,,1.1883856171676632
ORTEC-SYNTH-800-s414,800,latest,True,True,74.0,75.0,404058.6,323605.0,125.9,193.49,-1.3513513513513513,19.911369291483954,1.536854646544877
ORTEC-SYNTH-800-s414,800,retry,True,True,74.0,73.0,404058.6,388909.0,125.9,249.99,1.3513513513513513,3.749357147700848,1.9856235107227957
ORTEC-SYNTH-800-s415,800,latest,False,True,68.0,67.0,331935.8,339389.0,122.19,176.92,,,1.447908994189377
ORTEC-SYNTH-800-s415,800,retry,False,True,68.0,67.0,331935.8,339389.0,122.19,176.92,,,1.447908994189377
ORTEC-SYNTH-800-s416,800,latest,True,True,69.0,59.0,358283.7,299987.0,121.88,184.61,14.492753623188406,16.271100248211127,1.5146865769609454
ORTEC-SYNTH-800-s416,800,retry,True,True,69.0,59.0,358283.7,299987.0,121.88,184.61,14.492753623188406,16.271100248211127,1.5146865769609454
ORTEC-SYNTH-800-s417,800,latest,False,True,0.0,65.0,0.0,336752.0,124.2,118.68,,,0.9555555555555556
ORTEC-SYNTH-800-s417,800,retry,False,True,0.0,63.0,0.0,398234.0,124.2,182.58,,,1.470048309178744
ORTEC-SYNTH-800-s418,800,latest,False,False,0.0,0.0,0.0,0.0,122.86,360.22,,,2.931955070812307
ORTEC-SYNTH-800-s418,800,retry,False,True,0.0,66.0,0.0,288317.0,122.86,174.82,,,1.422920397200065
ORTEC-SYNTH-800-s419,800,latest,True,True,73.0,71.0,401186.2,406068.0,123.82,210.95,2.73972602739726,-1.216841456660271,1.7036827653044742
ORTEC-SYNTH-800-s419,800,retry,True,True,73.0,61.0,401186.2,330581.0,123.82,115.66,16.43835616438356,17.599109839770165,0.9340978840251979
ORTEC-SYNTH-800-s420,800,latest,False,True,74.0,72.0,408601.7,383095.0,124.15,171.92,,,1.384776480064438
ORTEC-SYNTH-800-s420,800,retry,False,True,74.0,67.0,408601.7,463209.0,124.15,220.78,,,1.7783326621022955
ORTEC-SYNTH-800-s421,800,latest,True,True,68.0,66.0,314376.1,332112.0,124.83,184.76,2.941176470588235,-5.641618430917625,1.4800929263798766
ORTEC-SYNTH-800-s421,800,retry,True,True,68.0,64.0,314376.1,312352.0,124.83,170.17,5.88235294117647,0.6438466537373473,1.3632139710005606
ORTEC-SYNTH-800-s422,800,latest,False,True,71.0,59.0,380856.0,233577.0,124.8,170.49,,,1.3661057692307694
ORTEC-SYNTH-800-s422,800,retry,False,True,71.0,59.0,380856.0,233577.0,124.8,170.49,,,1.3661057692307694
ORTEC-SYNTH-800-s423,800,latest,True,True,68.0,65.0,350863.9,241469.0,125.32,176.41,4.411764705882353,31.178727706099153,1.407676348547718
ORTEC-SYNTH-800-s423,800,retry,True,True,68.0,65.0,350863.9,241469.0,125.32,176.41,4.411764705882353,31.178727706099153,1.407676348547718
ORTEC-SYNTH-800-s424,800,latest,True,True,71.0,69.0,361638.5,344346.0,123.7,224.22,2.8169014084507045,4.781708805893178,1.8126111560226355
ORTEC-SYNTH-800-s424,800,retry,True,True,71.0,62.0,361638.5,324040.0,123.7,112.09,12.676056338028168,10.396708315071542,0.9061438965238481
ORTEC-SYNTH-800-s425,800,latest,True,True,70.0,69.0,369056.1,337117.0,123.67,167.38,1.4285714285714286,8.654266925814253,1.3534406080698633
ORTEC-SYNTH-800-s425,800,retry,True,True,70.0,65.0,369056.1,259160.0,123.67,107.64,7.142857142857142,29.777613755740656,0.8703808522681329
ORTEC-SYNTH-800-s426,800,latest,False,True,0.0,71.0,0.0,301087.0,123.62,143.57,,,1.1613816534541335
ORTEC-SYNTH-800-s426,800,retry,False,True,0.0,58.0,0.0,323848.0,123.62,142.69,,,1.154263064229089
ORTEC-SYNTH-800-s427,800,latest,False,True,76.0,73.0,408289.6,417415.0,125.09,195.34,,,1.5615956511311855
ORTEC-SYNTH-800-s427,800,retry,False,True,76.0,69.0,408289.6,383961.0,125.09,150.52,,,1.2032936285874172
ORTEC-SYNTH-800-s428,800,latest,False,False,0.0,0.0,0.0,0.0,125.42,317.26,,,2.529580609153245
ORTEC-SYNTH-800-s428,800,retry,False,True,0.0,76.0,0.0,461735.0,125.42,213.52,,,1.7024398022643916
ORTEC-SYNTH-800-s429,800,latest,False,False,0.0,0.0,0.0,0.0,123.51,387.95,,,3.1410412112379564
ORTEC-SYNTH-800-s429,800,retry,False,True,0.0,65.0,0.0,297133.0,123.51,259.0,,,2.09699619464011
ORTEC-SYNTH-800-s430,800,latest,True,True,70.0,68.0,385480.7,369831.0,123.83,202.65,2.857142857142857,4.059788207295465,1.6365178066704353
ORTEC-SYNTH-800-s430,800,retry,True,True,70.0,65.0,385480.7,351271.0,123.83,175.68,7.142857142857142,8.874555846764833,1.4187192118226601
ORTEC-SYNTH-800-s431,800,latest,False,False,0.0,0.0,0.0,0.0,123.79,384.12,,,3.1029970110671297
ORTEC-SYNTH-800-s431,800,retry,False,True,0.0,65.0,0.0,374068.0,123.79,101.69,,,0.8214718474836415
ORTEC-SYNTH-800-s432,800,latest,False,True,75.0,75.0,386638.8,316759.0,126.03,182.08,,,1.4447353804649687
ORTEC-SYNTH-800-s432,800,retry,False,True,75.0,72.0,386638.8,316715.0,126.03,235.64,,,1.8697135602634292
ORTEC-SYNTH-800-s433,800,latest,False,False,0.0,0.0,0.0,0.0,125.18,434.74,,,3.4729189966448315
ORTEC-SYNTH-800-s433,800,retry,False,True,0.0,64.0,0.0,282914.0,125.18,161.42,,,1.2895031155136603
ORTEC-SYNTH-800-s434,800,latest,False,True,73.0,72.0,360013.1,302255.0,123.91,144.05,,,1.1625373254781697
ORTEC-SYNTH-800-s434,800,retry,False,True,73.0,72.0,360013.1,302255.0,123.91,144.05,,,1.1625373254781697
ORTEC-SYNTH-800-s435,800,latest,False,False,0.0,0.0,0.0,0.0,123.39,413.56,,,3.3516492422400517
ORTEC-SYNTH-800-s435,800,retry,False,True,0.0,59.0,0.0,401976.0,123.39,165.81,,,1.3437879893022124
ORTEC-SYNTH-800-s436,800,latest,False,False,0.0,0.0,0.0,0.0,123.83,356.77,,,2.881127352014859
ORTEC-SYNTH-800-s436,800,retry,False,True,0.0,69.0,0.0,365174.0,123.83,189.46,,,1.53000080755875
ORTEC-SYNTH-800-s437,800,latest,False,True,0.0,68.0,0.0,289913.0,124.11,181.04,,,1.4587059866247682
ORTEC-SYNTH-800-s437,800,retry,False,True,0.0,68.0,0.0,289913.0,124.11,181.04,,,1.4587059866247682
ORTEC-SYNTH-800-s438,800,latest,False,True,77.0,71.0,381989.2,343960.0,122.56,185.61,,,1.514441906005222
ORTEC-SYNTH-800-s438,800,retry,False,True,77.0,71.0,381989.2,343960.0,122.56,185.61,,,1.514441906005222
ORTEC-SYNTH-800-s439,800,latest,True,True,68.0,66.0,321246.3,298639.0,124.06,181.2,2.941176470588235,7.0373728818043935,1.4605835885861678
ORTEC-SYNTH-800-s439,800,retry,True,True,68.0,62.0,321246.3,289236.0,124.06,107.11,8.823529411764707,9.964410485039046,0.8633725616637111
ORTEC-SYNTH-800-s440,800,latest,False,False,0.0,0.0,0.0,0.0,125.18,246.93,,,1.9725994567822336
ORTEC-SYNTH-800-s440,800,retry,False,False,0.0,0.0,0.0,0.0,125.18,246.93,,,1.9725994567822336
ORTEC-SYNTH-800-s441,800,latest,True,True,75.0,68.0,383406.9,356622.0,122.89,183.14,9.333333333333334,6.9860245081661345,1.490275856456994
ORTEC-SYNTH-800-s441,800,retry,True,True,75.0,66.0,383406.9,362443.0,122.89,178.38,12.0,5.467794137246884,1.451542029457238
ORTEC-SYNTH-800-s442,800,latest,True,True,68.0,66.0,301439.3,285313.0,124.08,194.58,2.941176470588235,5.349766934835634,1.5681818181818183
ORTEC-SYNTH-800-s442,800,retry,True,True,68.0,60.0,301439.3,272711.0,124.08,161.8,11.76470588235294,9.530376430677748,1.3039974210186978
ORTEC-SYNTH-800-s443,800,latest,False,False,0.0,0.0,0.0,0.0,124.8,377.79,,,3.027163461538462
ORTEC-SYNTH-800-s443,800,retry,False,True,0.0,66.0,0.0,363790.0,124.8,158.19,,,1.267548076923077
ORTEC-SYNTH-800-s444,800,latest,False,True,68.0,68.0,370425.5,264885.0,124.59,168.0,,,1.3484228268721405
ORTEC-SYNTH-800-s444,800,retry,False,True,68.0,67.0,370425.5,378351.0,124.59,179.06,,,1.43719399630789
ORTEC-SYNTH-800-s445,800,latest,True,True,67.0,68.0,348347.8,336037.0,123.52,207.22,-1.4925373134328357,3.5340541837783928,1.6776230569948187
ORTEC-SYNTH-800-s445,800,retry,True,True,67.0,66.0,348347.8,327750.0,123.52,167.51,1.4925373134328357,5.912998445806171,1.356136658031088
ORTEC-SYNTH-800-s446,800,latest,True,True,71.0,66.0,366755.1,256870.0,123.18,103.02,7.042253521126761,29.961437482396285,0.8363370677057963
ORTEC-SYNTH-800-s446,800,retry,True,True,71.0,66.0,366755.1,256870.0,123.18,103.02,7.042253521126761,29.961437482396285,0.8363370677057963
ORTEC-SYNTH-800-s447,800,latest,False,True,69.0,62.0,283784.5,218023.0,123.38,196.67,,,1.5940184794942454
ORTEC-SYNTH-800-s447,800,retry,False,True,69.0,62.0,283784.5,218023.0,123.38,196.67,,,1.5940184794942454
ORTEC-SYNTH-800-s448,800,latest,True,True,67.0,67.0,359614.5,276931.0,123.96,159.84,0.0,22.99225976705611,1.2894482090997097
ORTEC-SYNTH-800-s448,800,retry,True,True,67.0,67.0,359614.5,276931.0,123.96,159.84,0.0,22.99225976705611,1.2894482090997097
ORTEC-SYNTH-800-s449,800,latest,True,True,71.0,71.0,359851.1,297776.0,124.17,275.26,0.0,17.25021821525625,2.2167995490053958
ORTEC-SYNTH-800-s449,800,retry,True,True,71.0,66.0,359851.1,333322.0,124.17,191.89,7.042253521126761,7.37224368634693,1.5453813320447771
ORTEC-SYNTH-800-s450,800,latest,False,True,76.0,75.0,469108.4,465783.0,124.56,173.46,,,1.392581888246628
ORTEC-SYNTH-800-s450,800,retry,False,True,76.0,66.0,469108.4,308159.0,124.56,175.14,,,1.4060693641618496
ORTEC-SYNTH-800-s451,800,latest,False,False,0.0,0.0,0.0,0.0,123.49,361.06,,,2.9237994979350557
ORTEC-SYNTH-800-s451,800,retry,False,True,0.0,66.0,0.0,458005.0,123.49,169.42,,,1.3719329500364401
ORTEC-SYNTH-800-s452,800,latest,False,True,72.0,72.0,375380.4,309376.0,124.26,142.26,,,1.1448575567358763
ORTEC-SYNTH-800-s452,800,retry,False,True,72.0,72.0,375380.4,309376.0,124.26,142.26,,,1.1448575567358763
ORTEC-SYNTH-800-s453,800,latest,False,True,72.0,72.0,358419.5,353367.0,123.15,151.29,,,1.2285018270401948
ORTEC-SYNTH-800-s453,800,retry,False,True,72.0,72.0,358419.5,353367.0,123.15,151.29,,,1.2285018270401948
ORTEC-SYNTH-800-s454,800,latest,False,True,70.0,68.0,339490.6,352507.0,124.07,154.33,,,1.2438945756427824
ORTEC-SYNTH-800-s454,800,retry,False,True,70.0,68.0,339490.6,352507.0,124.07,154.33,,,1.2438945756427824
ORTEC-SYNTH-800-s455,800,latest,False,True,70.0,67.0,343288.9,339614.0,124.1,161.24,,,1.2992747784045127
ORTEC-SYNTH-800-s455,800,retry,False,True,70.0,67.0,343288.9,339614.0,124.1,161.24,,,1.2992747784045127
ORTEC-SYNTH-800-s456,800,latest,True,True,69.0,66.0,357461.9,335448.0,124.6,167.08,4.3478260869565215,6.1583905865212545,1.3409309791332265
ORTEC-SYNTH-800-s456,800,retry,True,True,69.0,66.0,357461.9,335448.0,124.6,167.08,4.3478260869565215,6.1583905865212545,1.3409309791332265
ORTEC-SYNTH-800-s457,800,latest,True,True,71.0,69.0,365331.7,271862.0,124.22,181.45,2.8169014084507045,25.584886282794518,1.460714860730961
ORTEC-SYNTH-800-s457,800,retry,True,True,71.0,64.0,365331.7,317819.0,124.22,142.73,9.859154929577464,13.005359239288572,1.1490098212848172
ORTEC-SYNTH-800-s458,800,latest,False,False,0.0,0.0,0.0,0.0,124.06,410.84,,,3.3116234080283733
ORTEC-SYNTH-800-s458,800,retry,False,True,0.0,63.0,0.0,297905.0,124.06,163.9,,,1.3211349347090118
ORTEC-SYNTH-800-s459,800,latest,True,True,74.0,72.0,386560.2,394562.0,123.49,165.77,2.7027027027027026,-2.070000998550805,1.3423759008826628
ORTEC-SYNTH-800-s459,800,retry,True,True,74.0,65.0,386560.2,334396.0,123.49,145.37,12.162162162162163,13.494457008248654,1.1771803384889465
ORTEC-SYNTH-800-s48,800,latest,False,True,72.0,69.0,377604.3,277677.0,125.38,185.4,,,1.4787047375977032
ORTEC-SYNTH-800-s48,800,retry,False,True,72.0,69.0,377604.3,277677.0,125.38,185.4,,,1.4787047375977032
ORTEC-SYNTH-800-s49,800,latest,False,False,0.0,0.0,0.0,0.0,125.1,363.43,,,2.905115907274181
ORTEC-SYNTH-800-s49,800,retry,False,True,0.0,65.0,0.0,427064.0,125.1,165.8,,,1.3253397282174262
ORTEC-SYNTH-800-s50,800,latest,False,True,70.0,70.0,350258.6,346367.0,123.23,181.3,,,1.4712326543861074
ORTEC-SYNTH-800-s50,800,retry,False,True,70.0,64.0,350258.6,255429.0,123.23,106.56,,,0.8647244989044875
