timestamp,instance,size,solver,time_limit_sec,vehicles,distance,feasible,late_violations,capacity_violations,runtime_sec,error
2026-05-02T12:24:28.256101,ORTEC-SYNTH-300-s100,300,ortools,30,29,140867.3,True,0,0,29.29,
2026-05-02T12:24:28.257105,ORTEC-SYNTH-300-s101,300,ortools,30,29,159861.9,True,0,0,30.39,
2026-05-02T12:37:22.077572,ORTEC-SYNTH-300-s102,300,ortools,120,28,139305.6,True,0,0,27.96,
2026-05-02T12:37:22.078571,ORTEC-SYNTH-300-s104,300,ortools,120,30,158996.0,True,0,0,30.67,
2026-05-02T12:37:22.078571,ORTEC-SYNTH-300-s103,300,ortools,120,30,163909.0,True,0,0,36.22,
2026-05-02T12:37:50.039336,ORTEC-SYNTH-300-s106,300,ortools,120,29,180487.2,False,0,0,35.03,
2026-05-02T12:37:52.746031,ORTEC-SYNTH-300-s107,300,ortools,120,29,147426.9,True,0,0,35.5,
2026-05-02T12:37:58.298925,ORTEC-SYNTH-300-s108,300,ortools,120,30,165574.9,True,0,0,33.38,
2026-05-02T12:37:22.078571,ORTEC-SYNTH-300-s105,300,ortools,120,31,172429.5,True,0,0,88.89,
2026-05-02T12:38:25.066984,ORTEC-SYNTH-300-s109,300,ortools,120,29,152664.1,True,0,0,36.54,
2026-05-02T12:38:28.243574,ORTEC-SYNTH-300-s110,300,ortools,120,30,157252.4,True,0,0,35.64,
2026-05-02T12:38:31.679895,ORTEC-SYNTH-300-s111,300,ortools,120,29,156014.1,True,0,0,37.75,
2026-05-02T12:39:03.886352,ORTEC-SYNTH-300-s44,300,ortools,120,27,141102.8,True,0,0,31.33,
2026-05-02T12:39:09.432832,ORTEC-SYNTH-300-s45,300,ortools,120,27,147843.4,True,0,0,27.72,
2026-05-02T12:39:01.603411,ORTEC-SYNTH-300-s43,300,ortools,120,27,149737.8,True,0,0,45.15,
2026-05-02T12:38:50.967849,ORTEC-SYNTH-300-s42,300,ortools,120,28,153054.9,True,0,0,78.23,
2026-05-02T12:39:37.152631,ORTEC-SYNTH-300-s47,300,ortools,120,27,113684.2,True,0,0,32.1,
2026-05-02T12:39:35.219913,ORTEC-SYNTH-300-s46,300,ortools,120,28,140698.0,True,0,0,40.41,
2026-05-02T12:39:46.750064,ORTEC-SYNTH-300-s48,300,ortools,120,30,156680.2,True,0,0,36.18,
2026-05-02T12:40:15.631880,ORTEC-SYNTH-300-s51,300,ortools,120,27,142441.2,True,0,0,30.74,
2026-05-02T12:40:09.252793,ORTEC-SYNTH-300-s50,300,ortools,120,29,149950.8,True,0,0,39.61,
2026-05-02T12:40:22.926555,ORTEC-SYNTH-300-s52,300,ortools,120,29,165335.6,False,0,0,39.75,
2026-05-02T12:40:46.369960,ORTEC-SYNTH-300-s53,300,ortools,120,27,136572.7,True,0,0,28.37,
2026-05-02T12:40:48.866841,ORTEC-SYNTH-300-s54,300,ortools,120,31,168883.5,True,0,0,31.97,
2026-05-02T12:40:09.199625,ORTEC-SYNTH-300-s49,300,ortools,120,28,159718.5,True,0,0,79.12,
2026-05-02T12:41:02.677727,ORTEC-SYNTH-300-s55,300,ortools,120,29,170132.2,True,0,0,40.28,
2026-05-02T12:41:20.834149,ORTEC-SYNTH-300-s57,300,ortools,120,28,163892.1,True,0,0,37.28,
2026-05-02T12:41:14.736529,ORTEC-SYNTH-300-s56,300,ortools,120,31,156767.9,True,0,0,51.48,
2026-05-02T12:41:58.116248,ORTEC-SYNTH-300-s60,300,ortools,120,28,140886.5,True,0,0,37.04,
2026-05-02T12:42:06.217402,ORTEC-SYNTH-300-s61,300,ortools,120,29,132562.4,True,0,0,29.15,
2026-05-02T12:41:28.321992,ORTEC-SYNTH-300-s58,300,ortools,120,31,169095.0,True,0,0,69.15,
2026-05-02T12:42:35.156003,ORTEC-SYNTH-300-s62,300,ortools,120,31,179501.9,True,0,0,29.99,
2026-05-02T12:42:35.367626,ORTEC-SYNTH-300-s63,300,ortools,120,28,157665.9,True,0,0,47.39,
2026-05-02T12:43:05.147935,ORTEC-SYNTH-300-s65,300,ortools,120,29,133575.9,True,0,0,26.82,
2026-05-02T12:41:42.958815,ORTEC-SYNTH-300-s59,300,ortools,120,0,0.0,False,0,0,120.48,
2026-05-02T12:43:22.755229,ORTEC-SYNTH-300-s66,300,ortools,120,28,143440.5,True,0,0,33.14,
2026-05-02T12:42:37.474214,ORTEC-SYNTH-300-s64,300,ortools,120,28,157223.1,True,0,0,89.39,
2026-05-02T12:43:31.971669,ORTEC-SYNTH-300-s67,300,ortools,120,31,172096.4,True,0,0,39.05,
2026-05-02T12:43:55.893988,ORTEC-SYNTH-300-s69,300,ortools,120,31,170763.5,True,0,0,30.19,
2026-05-02T12:44:26.081780,ORTEC-SYNTH-300-s72,300,ortools,120,29,152207.7,True,0,0,33.1,
2026-05-02T12:44:06.865161,ORTEC-SYNTH-300-s70,300,ortools,120,31,184821.9,True,0,0,55.58,
2026-05-02T12:44:59.176820,ORTEC-SYNTH-300-s73,300,ortools,120,29,114677.0,True,0,0,24.91,
2026-05-02T12:43:43.439080,ORTEC-SYNTH-300-s68,300,ortools,120,0,0.0,False,0,0,120.43,
2026-05-02T12:45:24.089244,ORTEC-SYNTH-300-s75,300,ortools,120,28,134140.1,True,0,0,34.7,
2026-05-02T12:44:11.026006,ORTEC-SYNTH-300-s71,300,ortools,120,0,0.0,False,0,0,120.65,
2026-05-02T12:45:43.867930,ORTEC-SYNTH-300-s76,300,ortools,120,29,154488.5,True,0,0,29.56,
2026-05-02T12:45:02.448593,ORTEC-SYNTH-300-s74,300,ortools,120,29,163512.4,True,0,0,73.48,
2026-05-02T12:46:13.431953,ORTEC-SYNTH-300-s79,300,ortools,120,28,148676.1,True,0,0,33.1,
2026-05-02T12:46:11.671102,ORTEC-SYNTH-300-s78,300,ortools,120,29,172699.6,True,0,0,37.54,
2026-05-02T12:46:46.528626,ORTEC-SYNTH-300-s81,300,ortools,120,29,139370.0,True,0,0,26.63,
2026-05-02T12:46:15.924993,ORTEC-SYNTH-300-s80,300,ortools,120,27,140455.1,True,0,0,68.58,
2026-05-02T12:46:49.212853,ORTEC-SYNTH-300-s82,300,ortools,120,27,143080.2,True,0,0,35.38,
2026-05-02T12:47:13.161461,ORTEC-SYNTH-300-s83,300,ortools,120,28,156749.1,True,0,0,33.82,
2026-05-02T12:45:58.786248,ORTEC-SYNTH-300-s77,300,ortools,120,0,0.0,False,0,0,120.43,
2026-05-02T12:47:24.595277,ORTEC-SYNTH-300-s85,300,ortools,120,30,158177.6,True,0,0,44.39,
2026-05-02T12:47:46.980356,ORTEC-SYNTH-300-s86,300,ortools,120,30,177642.8,True,0,0,33.93,
2026-05-02T12:47:59.218461,ORTEC-SYNTH-300-s87,300,ortools,120,29,153524.8,True,0,0,31.29,
2026-05-02T12:48:20.912000,ORTEC-SYNTH-300-s89,300,ortools,120,34,195272.7,True,0,0,41.43,
2026-05-02T12:48:30.505170,ORTEC-SYNTH-300-s90,300,ortools,120,29,149695.4,True,0,0,31.92,
2026-05-02T12:47:24.510861,ORTEC-SYNTH-300-s84,300,ortools,120,30,183880.2,True,0,0,101.86,
2026-05-02T12:49:02.430743,ORTEC-SYNTH-300-s92,300,ortools,120,27,132146.4,True,0,0,26.22,
2026-05-02T12:49:28.651954,ORTEC-SYNTH-300-s94,300,ortools,120,27,134292.0,True,0,0,30.9,
2026-05-02T12:48:08.985329,ORTEC-SYNTH-300-s88,300,ortools,120,0,0.0,False,0,0,120.49,
2026-05-02T12:49:06.373886,ORTEC-SYNTH-300-s93,300,ortools,120,28,144710.6,True,0,0,79.1,
2026-05-02T12:49:59.548860,ORTEC-SYNTH-300-s95,300,ortools,120,32,175622.7,True,0,0,34.66,
2026-05-02T12:50:09.471355,ORTEC-SYNTH-300-s96,300,ortools,120,30,156964.7,True,0,0,28.1,
2026-05-02T12:49:02.346319,ORTEC-SYNTH-300-s91,300,ortools,120,0,0.0,False,0,0,120.5,
2026-05-02T12:50:34.209713,ORTEC-SYNTH-300-s98,300,ortools,120,30,154759.8,True,0,0,33.41,
2026-05-02T12:50:37.571009,ORTEC-SYNTH-300-s99,300,ortools,120,29,152213.6,True,0,0,34.96,
2026-05-02T12:50:25.478517,ORTEC-SYNTH-300-s97,300,ortools,120,29,159692.0,True,0,0,58.53,
2026-05-02T12:51:07.623741,ORTEC-SYNTH-500-s201,500,ortools,120,45,242521.2,True,0,0,74.77,
2026-05-02T12:51:02.850112,ORTEC-SYNTH-500-s200,500,ortools,120,47,262679.9,True,0,0,88.41,
2026-05-02T12:51:12.529011,ORTEC-SYNTH-500-s202,500,ortools,120,46,241455.2,False,0,0,104.38,
2026-05-02T12:51:24.011870,ORTEC-SYNTH-500-s203,500,ortools,120,46,232244.3,True,0,0,122.21,
2026-05-02T12:52:22.393051,ORTEC-SYNTH-500-s204,500,ortools,120,45,215787.6,True,0,0,80.8,
2026-05-02T12:52:31.259190,ORTEC-SYNTH-500-s205,500,ortools,120,44,217261.3,True,0,0,74.73,
2026-05-02T12:52:56.907406,ORTEC-SYNTH-500-s206,500,ortools,120,0,0.0,False,0,0,120.77,
2026-05-02T12:53:43.194463,ORTEC-SYNTH-500-s208,500,ortools,120,46,242607.9,False,0,0,79.92,
2026-05-02T12:53:26.220293,ORTEC-SYNTH-500-s207,500,ortools,120,46,227546.5,True,0,0,122.0,
2026-05-02T12:53:45.989032,ORTEC-SYNTH-500-s209,500,ortools,120,0,0.0,False,0,0,120.82,
2026-05-02T12:54:57.677105,ORTEC-SYNTH-500-s210,500,ortools,120,44,223759.9,True,0,0,69.78,
2026-05-02T12:55:03.115432,ORTEC-SYNTH-500-s211,500,ortools,120,45,232835.2,True,0,0,98.67,
2026-05-02T12:55:46.806791,ORTEC-SYNTH-500-s213,500,ortools,120,41,211761.4,True,0,0,91.78,
2026-05-02T12:55:28.222656,ORTEC-SYNTH-500-s212,500,ortools,120,45,231214.9,True,0,0,121.0,
2026-05-02T12:56:07.458814,ORTEC-SYNTH-500-s214,500,ortools,120,42,179557.0,True,0,0,109.63,
2026-05-02T12:56:41.788916,ORTEC-SYNTH-500-s215,500,ortools,120,48,282150.4,True,0,0,88.12,
2026-05-02T12:57:18.590407,ORTEC-SYNTH-500-s216,500,ortools,120,42,194416.6,True,0,0,77.6,
2026-05-02T12:57:29.224099,ORTEC-SYNTH-500-s217,500,ortools,120,43,235321.2,True,0,0,122.69,
2026-05-02T12:58:09.905244,ORTEC-SYNTH-500-s219,500,ortools,120,48,250598.3,True,0,0,89.47,
2026-05-02T12:57:57.087188,ORTEC-SYNTH-500-s218,500,ortools,120,0,0.0,False,0,0,120.82,
2026-05-02T12:58:36.189524,ORTEC-SYNTH-500-s220,500,ortools,120,46,214079.9,True,0,0,100.93,
2026-05-02T12:59:39.381139,ORTEC-SYNTH-500-s222,500,ortools,120,46,258308.3,False,0,0,71.85,
2026-05-02T12:59:57.908189,ORTEC-SYNTH-500-s223,500,ortools,120,42,173664.1,True,0,0,79.53,
2026-05-02T12:59:31.913161,ORTEC-SYNTH-500-s221,500,ortools,120,43,232039.0,True,0,0,121.95,
2026-05-02T13:00:17.119193,ORTEC-SYNTH-500-s224,500,ortools,120,44,229434.7,True,0,0,93.77,
2026-05-02T13:00:51.227996,ORTEC-SYNTH-500-s225,500,ortools,120,47,246397.3,True,0,0,75.67,
2026-05-02T13:01:17.442251,ORTEC-SYNTH-500-s226,500,ortools,120,43,204410.5,False,0,0,74.49,
2026-05-02T13:01:50.890445,ORTEC-SYNTH-500-s228,500,ortools,120,45,243490.5,True,0,0,100.3,
2026-05-02T13:02:06.897563,ORTEC-SYNTH-500-s229,500,ortools,120,41,201730.0,True,0,0,89.61,
2026-05-02T13:01:33.867892,ORTEC-SYNTH-500-s227,500,ortools,120,43,224800.9,True,0,0,122.7,
2026-05-02T13:02:31.934469,ORTEC-SYNTH-500-s230,500,ortools,120,43,226994.1,True,0,0,83.85,
2026-05-02T13:03:36.504051,ORTEC-SYNTH-500-s232,500,ortools,120,44,235105.3,True,0,0,66.7,
2026-05-02T13:03:31.197279,ORTEC-SYNTH-500-s231,500,ortools,120,43,249534.3,True,0,0,87.44,
2026-05-02T13:03:55.780781,ORTEC-SYNTH-500-s234,500,ortools,120,45,231726.5,False,0,0,77.3,
2026-05-02T13:03:36.570907,ORTEC-SYNTH-500-s233,500,ortools,120,43,204453.6,False,0,0,121.82,
2026-05-02T13:04:43.205941,ORTEC-SYNTH-500-s235,500,ortools,120,46,256864.1,False,0,0,86.93,
2026-05-02T13:04:58.634571,ORTEC-SYNTH-500-s236,500,ortools,120,47,233178.0,False,0,0,81.62,
2026-05-02T13:05:13.083717,ORTEC-SYNTH-500-s237,500,ortools,120,46,270241.1,True,0,0,90.76,
2026-05-02T13:06:10.132959,ORTEC-SYNTH-500-s239,500,ortools,120,45,251016.5,True,0,0,79.03,
2026-05-02T13:06:20.254734,ORTEC-SYNTH-500-s240,500,ortools,120,47,247135.8,False,0,0,76.12,
2026-05-02T13:05:38.389105,ORTEC-SYNTH-500-s238,500,ortools,120,0,0.0,False,0,0,122.9,
2026-05-02T13:06:43.845155,ORTEC-SYNTH-500-s241,500,ortools,120,45,215045.0,True,0,0,92.48,
2026-05-02T13:07:29.161109,ORTEC-SYNTH-500-s242,500,ortools,120,42,213691.0,False,0,0,83.09,
2026-05-02T13:07:36.379673,ORTEC-SYNTH-500-s243,500,ortools,120,42,206526.3,True,0,0,83.6,
2026-05-02T13:07:41.286668,ORTEC-SYNTH-500-s244,500,ortools,120,44,231709.7,True,0,0,121.57,
2026-05-02T13:08:16.330095,ORTEC-SYNTH-500-s245,500,ortools,120,45,227007.1,True,0,0,93.59,
2026-05-02T13:08:52.255521,ORTEC-SYNTH-500-s246,500,ortools,120,42,209492.5,True,0,0,88.47,
2026-05-02T13:08:59.985322,ORTEC-SYNTH-500-s247,500,ortools,120,44,243589.3,True,0,0,103.39,
2026-05-02T13:09:49.925913,ORTEC-SYNTH-500-s249,500,ortools,120,44,216547.6,True,0,0,76.26,
2026-05-02T13:09:42.861075,ORTEC-SYNTH-500-s248,500,ortools,120,46,224109.9,True,0,0,121.54,
2026-05-02T13:10:43.375034,ORTEC-SYNTH-500-s251,500,ortools,120,43,167368.7,True,0,0,61.79,
2026-05-02T13:10:20.725895,ORTEC-SYNTH-500-s250,500,ortools,120,0,0.0,False,0,0,120.85,
2026-05-02T13:11:06.188364,ORTEC-SYNTH-500-s252,500,ortools,120,0,0.0,False,0,0,120.86,
2026-05-02T13:11:45.170476,ORTEC-SYNTH-500-s254,500,ortools,120,45,214472.5,True,0,0,85.85,
2026-05-02T13:11:44.396625,ORTEC-SYNTH-500-s253,500,ortools,120,47,245416.1,False,0,0,121.48,
2026-05-02T13:13:07.048691,ORTEC-SYNTH-500-s256,500,ortools,120,45,222624.9,True,0,0,72.39,
2026-05-02T13:12:21.594327,ORTEC-SYNTH-500-s255,500,ortools,120,0,0.0,False,0,0,120.9,
2026-05-02T13:13:11.018860,ORTEC-SYNTH-500-s257,500,ortools,120,44,238885.0,False,0,0,79.78,
2026-05-02T13:14:22.492329,ORTEC-SYNTH-500-s260,500,ortools,120,43,212370.6,True,0,0,70.83,
2026-05-02T13:13:45.881475,ORTEC-SYNTH-500-s258,500,ortools,120,48,263664.5,True,0,0,122.05,
2026-05-02T13:14:30.798736,ORTEC-SYNTH-500-s261,500,ortools,120,49,264007.9,True,0,0,92.99,
2026-05-02T13:14:19.438505,ORTEC-SYNTH-500-s259,500,ortools,120,46,234347.2,True,0,0,106.9,
2026-05-02T13:15:33.324131,ORTEC-SYNTH-500-s262,500,ortools,120,41,188052.2,True,0,0,66.94,
2026-05-02T13:16:03.793091,ORTEC-SYNTH-500-s264,500,ortools,120,44,202373.4,True,0,0,69.13,
2026-05-02T13:16:06.337353,ORTEC-SYNTH-500-s265,500,ortools,120,46,210222.3,False,0,0,90.36,
2026-05-02T13:15:47.928779,ORTEC-SYNTH-500-s263,500,ortools,120,45,231127.4,True,0,0,122.74,
2026-05-02T13:16:40.266651,ORTEC-SYNTH-500-s266,500,ortools,120,43,209775.8,False,0,0,72.84,
2026-05-02T13:17:12.922532,ORTEC-SYNTH-500-s267,500,ortools,120,47,229738.0,True,0,0,84.53,
2026-05-02T13:17:36.699763,ORTEC-SYNTH-500-s268,500,ortools,120,42,203075.3,True,0,0,81.28,
2026-05-02T13:17:53.103982,ORTEC-SYNTH-500-s45,500,ortools,120,42,225122.3,True,0,0,86.07,
2026-05-02T13:18:37.457727,ORTEC-SYNTH-500-s46,500,ortools,120,45,222018.8,True,0,0,72.71,
2026-05-02T13:17:50.667185,ORTEC-SYNTH-500-s269,500,ortools,120,48,272054.4,False,0,0,122.1,
2026-05-02T13:18:57.977489,ORTEC-SYNTH-500-s47,500,ortools,120,42,170753.8,True,0,0,69.55,
2026-05-02T13:19:19.171457,ORTEC-SYNTH-800-s400,800,ortools,120,70,323202.8,True,0,0,121.79,
2026-05-02T13:19:50.164146,ORTEC-SYNTH-800-s401,800,ortools,120,70,337954.6,False,0,0,121.51,
2026-05-02T13:19:52.765166,ORTEC-SYNTH-800-s402,800,ortools,120,0,0.0,False,0,0,125.73,
2026-05-02T13:20:07.527884,ORTEC-SYNTH-800-s403,800,ortools,120,69,359042.8,True,0,0,122.12,
2026-05-02T13:21:20.965107,ORTEC-SYNTH-800-s404,800,ortools,120,0,0.0,False,0,0,121.95,
2026-05-02T13:21:51.688774,ORTEC-SYNTH-800-s405,800,ortools,120,69,371977.4,False,0,0,121.61,
2026-05-02T13:21:58.501684,ORTEC-SYNTH-800-s406,800,ortools,120,66,324220.2,True,0,0,123.36,
2026-05-02T13:22:09.653184,ORTEC-SYNTH-800-s407,800,ortools,120,0,0.0,False,0,0,122.24,
2026-05-02T13:23:22.920662,ORTEC-SYNTH-800-s408,800,ortools,120,68,331428.6,True,0,0,121.54,
2026-05-02T13:23:53.304667,ORTEC-SYNTH-800-s409,800,ortools,120,67,337010.4,False,0,0,121.82,
2026-05-02T13:24:01.869653,ORTEC-SYNTH-800-s410,800,ortools,120,0,0.0,False,0,0,126.01,
2026-05-02T13:24:11.896951,ORTEC-SYNTH-800-s411,800,ortools,120,71,348377.7,False,0,0,121.99,
2026-05-02T13:25:24.463569,ORTEC-SYNTH-800-s412,800,ortools,120,76,420198.3,False,0,0,121.9,
2026-05-02T13:25:55.127371,ORTEC-SYNTH-800-s413,800,ortools,120,70,346389.7,False,0,0,122.09,
2026-05-02T13:26:07.887244,ORTEC-SYNTH-800-s414,800,ortools,120,74,404058.6,True,0,0,125.9,
2026-05-02T13:26:13.893024,ORTEC-SYNTH-800-s415,800,ortools,120,68,331935.8,False,0,0,122.19,
2026-05-02T13:27:26.368084,ORTEC-SYNTH-800-s416,800,ortools,120,69,358283.7,True,0,0,121.88,
2026-05-02T13:27:57.255150,ORTEC-SYNTH-800-s417,800,ortools,120,0,0.0,False,0,0,124.2,
2026-05-02T13:28:13.788593,ORTEC-SYNTH-800-s418,800,ortools,120,0,0.0,False,0,0,122.86,
2026-05-02T13:28:16.084643,ORTEC-SYNTH-800-s419,800,ortools,120,73,401186.2,True,0,0,123.82,
2026-05-02T13:29:28.256382,ORTEC-SYNTH-800-s420,800,ortools,120,74,408601.7,False,0,0,124.15,
2026-05-02T13:30:01.473448,ORTEC-SYNTH-800-s421,800,ortools,120,68,314376.1,True,0,0,124.83,
2026-05-02T13:30:16.669104,ORTEC-SYNTH-800-s422,800,ortools,120,71,380856.0,False,0,0,124.8,
2026-05-02T13:30:19.907824,ORTEC-SYNTH-800-s423,800,ortools,120,68,350863.9,True,0,0,125.32,
2026-05-02T13:31:32.411025,ORTEC-SYNTH-800-s424,800,ortools,120,71,361638.5,True,0,0,123.7,
2026-05-02T13:32:06.303607,ORTEC-SYNTH-800-s425,800,ortools,120,70,369056.1,True,0,0,123.67,
2026-05-02T13:32:21.473479,ORTEC-SYNTH-800-s426,800,ortools,120,0,0.0,False,0,0,123.62,
2026-05-02T13:32:25.242574,ORTEC-SYNTH-800-s427,800,ortools,120,76,408289.6,False,0,0,125.09,
2026-05-02T13:33:36.120340,ORTEC-SYNTH-800-s428,800,ortools,120,0,0.0,False,0,0,125.42,
2026-05-02T13:34:09.976320,ORTEC-SYNTH-800-s429,800,ortools,120,0,0.0,False,0,0,123.51,
2026-05-02T13:34:25.094403,ORTEC-SYNTH-800-s430,800,ortools,120,70,385480.7,True,0,0,123.83,
2026-05-02T13:34:30.341572,ORTEC-SYNTH-800-s431,800,ortools,120,0,0.0,False,0,0,123.79,
2026-05-02T13:35:41.560851,ORTEC-SYNTH-800-s432,800,ortools,120,75,386638.8,False,0,0,126.03,
2026-05-02T13:36:13.505117,ORTEC-SYNTH-800-s433,800,ortools,120,0,0.0,False,0,0,125.18,
2026-05-02T13:36:28.927910,ORTEC-SYNTH-800-s434,800,ortools,120,73,360013.1,False,0,0,123.91,
2026-05-02T13:36:34.134941,ORTEC-SYNTH-800-s435,800,ortools,120,0,0.0,False,0,0,123.39,
2026-05-02T13:37:47.591213,ORTEC-SYNTH-800-s436,800,ortools,120,0,0.0,False,0,0,123.83,
2026-05-02T13:38:18.689803,ORTEC-SYNTH-800-s437,800,ortools,120,0,0.0,False,0,0,124.11,
2026-05-02T13:38:32.839886,ORTEC-SYNTH-800-s438,800,ortools,120,77,381989.2,False,0,0,122.56,
2026-05-02T13:38:37.528855,ORTEC-SYNTH-800-s439,800,ortools,120,68,321246.3,True,0,0,124.06,
2026-05-02T13:39:51.426372,ORTEC-SYNTH-800-s440,800,ortools,120,0,0.0,False,0,0,125.18,
2026-05-02T13:40:22.885999,ORTEC-SYNTH-800-s441,800,ortools,120,75,383406.9,True,0,0,122.89,
2026-05-02T13:40:35.405322,ORTEC-SYNTH-800-s442,800,ortools,120,68,301439.3,True,0,0,124.08,
2026-05-02T13:40:41.594220,ORTEC-SYNTH-800-s443,800,ortools,120,0,0.0,False,0,0,124.8,
2026-05-02T13:41:56.612946,ORTEC-SYNTH-800-s444,800,ortools,120,68,370425.5,False,0,0,124.59,
2026-05-02T13:42:25.783185,ORTEC-SYNTH-800-s445,800,ortools,120,67,348347.8,True,0,0,123.52,
2026-05-02T13:42:39.485595,ORTEC-SYNTH-800-s446,800,ortools,120,71,366755.1,True,0,0,123.18,
2026-05-02T13:42:46.397803,ORTEC-SYNTH-800-s447,800,ortools,120,69,283784.5,False,0,0,123.38,
2026-05-02T13:44:01.203729,ORTEC-SYNTH-800-s448,800,ortools,120,67,359614.5,True,0,0,123.96,
2026-05-02T13:44:29.310459,ORTEC-SYNTH-800-s449,800,ortools,120,71,359851.1,True,0,0,124.17,
2026-05-02T13:44:42.669680,ORTEC-SYNTH-800-s450,800,ortools,120,76,469108.4,False,0,0,124.56,
2026-05-02T13:44:49.780833,ORTEC-SYNTH-800-s451,800,ortools,120,0,0.0,False,0,0,123.49,
2026-05-02T13:46:05.166410,ORTEC-SYNTH-800-s452,800,ortools,120,72,375380.4,False,0,0,124.26,
2026-05-02T13:46:33.481132,ORTEC-SYNTH-800-s453,800,ortools,120,72,358419.5,False,0,0,123.15,
2026-05-02T13:46:47.229323,ORTEC-SYNTH-800-s454,800,ortools,120,70,339490.6,False,0,0,124.07,
2026-05-02T13:46:53.276321,ORTEC-SYNTH-800-s455,800,ortools,120,70,343288.9,False,0,0,124.1,
2026-05-02T13:48:09.429682,ORTEC-SYNTH-800-s456,800,ortools,120,69,357461.9,True,0,0,124.6,
2026-05-02T13:48:36.636955,ORTEC-SYNTH-800-s457,800,ortools,120,71,365331.7,True,0,0,124.22,
2026-05-02T13:48:51.300146,ORTEC-SYNTH-800-s458,800,ortools,120,0,0.0,False,0,0,124.06,
2026-05-02T13:48:57.380085,ORTEC-SYNTH-800-s459,800,ortools,120,74,386560.2,True,0,0,123.49,
2026-05-02T13:50:14.033155,ORTEC-SYNTH-800-s48,800,ortools,120,72,377604.3,False,0,0,125.38,
2026-05-02T13:50:40.862639,ORTEC-SYNTH-800-s49,800,ortools,120,0,0.0,False,0,0,125.1,
2026-05-02T13:50:55.377861,ORTEC-SYNTH-800-s50,800,ortools,120,70,350258.6,False,0,0,123.23,
