scenario,base,epoch,served_rate,feasible,late_violations,capacity_violations,runtime_sec,orders_dispatched,orders_pending,distance,error
ORTEC-SYNTH-300-s101_dyn5e,ORTEC-SYNTH-300-s101,0,0.2000,True,0,0,3.04,60,0,47674.7,
ORTEC-SYNTH-300-s101_dyn5e,ORTEC-SYNTH-300-s101,1,0.4000,True,0,0,2.45,60,0,45913.3,
ORTEC-SYNTH-300-s101_dyn5e,ORTEC-SYNTH-300-s101,2,0.6000,True,0,0,3.07,60,0,55162.2,
ORTEC-SYNTH-300-s101_dyn5e,ORTEC-SYNTH-300-s101,3,0.8000,True,0,0,2.38,60,0,46683.8,
ORTEC-SYNTH-300-s101_dyn5e,ORTEC-SYNTH-300-s101,4,1.0000,True,0,0,2.21,60,0,48419.8,
ORTEC-SYNTH-300-s100_dyn5e,ORTEC-SYNTH-300-s100,0,0.2000,True,0,0,3.6,60,0,45302.1,
ORTEC-SYNTH-300-s100_dyn5e,ORTEC-SYNTH-300-s100,1,0.4000,True,0,0,2.25,60,0,47310.0,
ORTEC-SYNTH-300-s100_dyn5e,ORTEC-SYNTH-300-s100,2,0.6000,True,0,0,1.95,60,0,44716.6,
ORTEC-SYNTH-300-s100_dyn5e,ORTEC-SYNTH-300-s100,3,0.8000,True,0,0,3.62,60,0,40193.7,
ORTEC-SYNTH-300-s100_dyn5e,ORTEC-SYNTH-300-s100,4,1.0000,True,0,0,2.74,60,0,43190.6,
ORTEC-SYNTH-300-s103_dyn5e,ORTEC-SYNTH-300-s103,0,0.2000,True,0,0,7.15,60,0,53137.1,
ORTEC-SYNTH-300-s103_dyn5e,ORTEC-SYNTH-300-s103,1,0.4000,True,0,0,9.19,60,0,52809.1,
ORTEC-SYNTH-300-s103_dyn5e,ORTEC-SYNTH-300-s103,2,0.6000,True,0,0,7.55,60,0,45167.1,
ORTEC-SYNTH-300-s103_dyn5e,ORTEC-SYNTH-300-s103,3,0.8000,True,0,0,7.89,60,0,54387.6,
ORTEC-SYNTH-300-s103_dyn5e,ORTEC-SYNTH-300-s103,4,1.0000,True,0,0,8.23,60,0,50463.0,
ORTEC-SYNTH-300-s102_dyn5e,ORTEC-SYNTH-300-s102,0,0.2000,True,0,0,11.04,60,0,37632.4,
ORTEC-SYNTH-300-s102_dyn5e,ORTEC-SYNTH-300-s102,1,0.4000,True,0,0,6.8,60,0,44000.6,
ORTEC-SYNTH-300-s102_dyn5e,ORTEC-SYNTH-300-s102,2,0.6000,True,0,0,7.3,60,0,41353.3,
ORTEC-SYNTH-300-s102_dyn5e,ORTEC-SYNTH-300-s102,3,0.8000,True,0,0,7.52,60,0,42933.5,
ORTEC-SYNTH-300-s102_dyn5e,ORTEC-SYNTH-300-s102,4,1.0000,True,0,0,7.58,60,0,43896.1,
ORTEC-SYNTH-300-s104_dyn5e,ORTEC-SYNTH-300-s104,0,0.2000,True,0,0,11.37,60,0,48967.6,
ORTEC-SYNTH-300-s104_dyn5e,ORTEC-SYNTH-300-s104,1,0.4000,True,0,0,7.59,60,0,43912.3,
ORTEC-SYNTH-300-s104_dyn5e,ORTEC-SYNTH-300-s104,2,0.6000,True,0,0,13.35,60,0,43741.6,
ORTEC-SYNTH-300-s104_dyn5e,ORTEC-SYNTH-300-s104,3,0.8000,True,0,0,5.96,60,0,51513.5,
ORTEC-SYNTH-300-s104_dyn5e,ORTEC-SYNTH-300-s104,4,1.0000,True,0,0,12.38,60,0,40380.8,
ORTEC-SYNTH-300-s105_dyn5e,ORTEC-SYNTH-300-s105,0,0.2000,True,0,0,8.35,60,0,50682.3,
ORTEC-SYNTH-300-s105_dyn5e,ORTEC-SYNTH-300-s105,1,0.4000,True,0,0,9.42,60,0,50866.5,
ORTEC-SYNTH-300-s105_dyn5e,ORTEC-SYNTH-300-s105,2,0.6000,True,0,0,9.11,60,0,50727.3,
ORTEC-SYNTH-300-s105_dyn5e,ORTEC-SYNTH-300-s105,3,0.8000,True,0,0,12.88,60,0,51091.2,
ORTEC-SYNTH-300-s105_dyn5e,ORTEC-SYNTH-300-s105,4,1.0000,True,0,0,10.5,60,0,55485.6,
ORTEC-SYNTH-300-s106_dyn5e,ORTEC-SYNTH-300-s106,0,0.2000,True,0,0,7.19,60,0,50495.1,
ORTEC-SYNTH-300-s106_dyn5e,ORTEC-SYNTH-300-s106,1,0.4000,True,0,0,7.97,60,0,56450.1,
ORTEC-SYNTH-300-s106_dyn5e,ORTEC-SYNTH-300-s106,2,0.6000,True,0,0,11.89,60,0,61203.3,
ORTEC-SYNTH-300-s106_dyn5e,ORTEC-SYNTH-300-s106,3,0.8000,True,0,0,7.14,60,0,53451.1,
ORTEC-SYNTH-300-s106_dyn5e,ORTEC-SYNTH-300-s106,4,1.0000,True,0,0,7.72,60,0,53939.4,
ORTEC-SYNTH-300-s107_dyn5e,ORTEC-SYNTH-300-s107,0,0.2000,True,0,0,9.22,60,0,50921.1,
ORTEC-SYNTH-300-s107_dyn5e,ORTEC-SYNTH-300-s107,1,0.4000,True,0,0,10.06,60,0,45866.1,
ORTEC-SYNTH-300-s107_dyn5e,ORTEC-SYNTH-300-s107,2,0.6000,True,0,0,6.05,60,0,41484.4,
ORTEC-SYNTH-300-s107_dyn5e,ORTEC-SYNTH-300-s107,3,0.8000,True,0,0,7.43,60,0,45710.2,
ORTEC-SYNTH-300-s107_dyn5e,ORTEC-SYNTH-300-s107,4,1.0000,True,0,0,8.35,60,0,44120.2,
ORTEC-SYNTH-300-s108_dyn5e,ORTEC-SYNTH-300-s108,0,0.2000,True,0,0,4.97,60,0,53523.5,
ORTEC-SYNTH-300-s108_dyn5e,ORTEC-SYNTH-300-s108,1,0.4000,True,0,0,7.62,60,0,54055.6,
ORTEC-SYNTH-300-s108_dyn5e,ORTEC-SYNTH-300-s108,2,0.6000,True,0,0,11.45,60,0,48192.7,
ORTEC-SYNTH-300-s108_dyn5e,ORTEC-SYNTH-300-s108,3,0.8000,True,0,0,8.33,60,0,44752.3,
ORTEC-SYNTH-300-s108_dyn5e,ORTEC-SYNTH-300-s108,4,1.0000,True,0,0,8.11,60,0,53004.1,
ORTEC-SYNTH-300-s109_dyn5e,ORTEC-SYNTH-300-s109,0,0.2000,True,0,0,8.13,60,0,44971.9,
ORTEC-SYNTH-300-s109_dyn5e,ORTEC-SYNTH-300-s109,1,0.4000,True,0,0,6.2,60,0,46662.8,
ORTEC-SYNTH-300-s109_dyn5e,ORTEC-SYNTH-300-s109,2,0.6000,True,0,0,13.73,60,0,47589.8,
ORTEC-SYNTH-300-s109_dyn5e,ORTEC-SYNTH-300-s109,3,0.8000,True,0,0,6.16,60,0,47697.3,
ORTEC-SYNTH-300-s109_dyn5e,ORTEC-SYNTH-300-s109,4,1.0000,True,0,0,9.12,60,0,51483.1,
ORTEC-SYNTH-300-s111_dyn5e,ORTEC-SYNTH-300-s111,0,0.2000,True,0,0,7.92,60,0,49025.3,
ORTEC-SYNTH-300-s111_dyn5e,ORTEC-SYNTH-300-s111,1,0.4000,True,0,0,7.58,60,0,46033.1,
ORTEC-SYNTH-300-s111_dyn5e,ORTEC-SYNTH-300-s111,2,0.6000,True,0,0,7.68,60,0,55112.7,
ORTEC-SYNTH-300-s111_dyn5e,ORTEC-SYNTH-300-s111,3,0.8000,True,0,0,8.34,60,0,50342.9,
ORTEC-SYNTH-300-s111_dyn5e,ORTEC-SYNTH-300-s111,4,1.0000,True,0,0,8.43,60,0,42055.9,
ORTEC-SYNTH-300-s110_dyn5e,ORTEC-SYNTH-300-s110,0,0.2000,True,0,0,7.95,60,0,49759.4,
ORTEC-SYNTH-300-s110_dyn5e,ORTEC-SYNTH-300-s110,1,0.4000,True,0,0,8.76,60,0,51458.5,
ORTEC-SYNTH-300-s110_dyn5e,ORTEC-SYNTH-300-s110,2,0.6000,True,0,0,8.65,60,0,42665.8,
ORTEC-SYNTH-300-s110_dyn5e,ORTEC-SYNTH-300-s110,3,0.8000,True,0,0,10.01,60,0,40497.9,
ORTEC-SYNTH-300-s110_dyn5e,ORTEC-SYNTH-300-s110,4,1.0000,True,0,0,7.28,60,0,46627.3,
ORTEC-SYNTH-300-s42_dyn5e,ORTEC-SYNTH-300-s42,0,0.2000,True,0,0,9.2,60,0,52482.8,
ORTEC-SYNTH-300-s42_dyn5e,ORTEC-SYNTH-300-s42,1,0.4000,True,0,0,7.47,60,0,47976.1,
ORTEC-SYNTH-300-s42_dyn5e,ORTEC-SYNTH-300-s42,2,0.6000,True,0,0,7.69,60,0,46398.2,
ORTEC-SYNTH-300-s42_dyn5e,ORTEC-SYNTH-300-s42,3,0.8000,True,0,0,9.19,60,0,43524.3,
ORTEC-SYNTH-300-s42_dyn5e,ORTEC-SYNTH-300-s42,4,1.0000,True,0,0,8.57,60,0,52943.5,
ORTEC-SYNTH-300-s43_dyn5e,ORTEC-SYNTH-300-s43,0,0.2000,True,0,0,11.38,60,0,46821.6,
ORTEC-SYNTH-300-s43_dyn5e,ORTEC-SYNTH-300-s43,1,0.4000,True,0,0,8.72,60,0,48363.5,
ORTEC-SYNTH-300-s43_dyn5e,ORTEC-SYNTH-300-s43,2,0.6000,True,0,0,11.34,60,0,51738.9,
ORTEC-SYNTH-300-s43_dyn5e,ORTEC-SYNTH-300-s43,3,0.8000,True,0,0,8.92,60,0,48658.1,
ORTEC-SYNTH-300-s43_dyn5e,ORTEC-SYNTH-300-s43,4,1.0000,True,0,0,5.75,60,0,47110.7,
ORTEC-SYNTH-300-s44_dyn5e,ORTEC-SYNTH-300-s44,0,0.2000,True,0,0,6.49,60,0,38522.7,
ORTEC-SYNTH-300-s44_dyn5e,ORTEC-SYNTH-300-s44,1,0.4000,True,0,0,9.5,60,0,51443.6,
ORTEC-SYNTH-300-s44_dyn5e,ORTEC-SYNTH-300-s44,2,0.6000,True,0,0,9.66,60,0,42512.0,
ORTEC-SYNTH-300-s44_dyn5e,ORTEC-SYNTH-300-s44,3,0.8000,True,0,0,9.67,60,0,42277.3,
ORTEC-SYNTH-300-s44_dyn5e,ORTEC-SYNTH-300-s44,4,1.0000,True,0,0,7.77,60,0,43330.3,
ORTEC-SYNTH-300-s45_dyn5e,ORTEC-SYNTH-300-s45,0,0.2000,True,0,0,7.98,60,0,44753.2,
ORTEC-SYNTH-300-s45_dyn5e,ORTEC-SYNTH-300-s45,1,0.4000,True,0,0,6.98,60,0,47767.1,
ORTEC-SYNTH-300-s45_dyn5e,ORTEC-SYNTH-300-s45,2,0.6000,True,0,0,8.85,60,0,40825.5,
ORTEC-SYNTH-300-s45_dyn5e,ORTEC-SYNTH-300-s45,3,0.8000,True,0,0,11.52,60,0,44241.3,
ORTEC-SYNTH-300-s45_dyn5e,ORTEC-SYNTH-300-s45,4,1.0000,True,0,0,7.35,60,0,42643.3,
ORTEC-SYNTH-300-s46_dyn5e,ORTEC-SYNTH-300-s46,0,0.2000,True,0,0,8.61,60,0,48628.2,
ORTEC-SYNTH-300-s46_dyn5e,ORTEC-SYNTH-300-s46,1,0.4000,True,0,0,12.15,60,0,47688.6,
ORTEC-SYNTH-300-s46_dyn5e,ORTEC-SYNTH-300-s46,2,0.6000,True,0,0,9.13,60,0,46574.8,
ORTEC-SYNTH-300-s46_dyn5e,ORTEC-SYNTH-300-s46,3,0.8000,True,0,0,6.63,60,0,38869.5,
ORTEC-SYNTH-300-s46_dyn5e,ORTEC-SYNTH-300-s46,4,1.0000,True,0,0,7.28,60,0,49039.7,
ORTEC-SYNTH-300-s47_dyn5e,ORTEC-SYNTH-300-s47,0,0.2000,True,0,0,7.94,60,0,38334.8,
ORTEC-SYNTH-300-s47_dyn5e,ORTEC-SYNTH-300-s47,1,0.4000,True,0,0,9.3,60,0,37482.6,
ORTEC-SYNTH-300-s47_dyn5e,ORTEC-SYNTH-300-s47,2,0.6000,True,0,0,6.9,60,0,34011.0,
ORTEC-SYNTH-300-s47_dyn5e,ORTEC-SYNTH-300-s47,3,0.8000,True,0,0,6.62,60,0,37939.4,
ORTEC-SYNTH-300-s47_dyn5e,ORTEC-SYNTH-300-s47,4,1.0000,True,0,0,6.18,60,0,32612.4,
ORTEC-SYNTH-300-s49_dyn5e,ORTEC-SYNTH-300-s49,0,0.2000,True,0,0,6.84,60,0,50222.2,
ORTEC-SYNTH-300-s49_dyn5e,ORTEC-SYNTH-300-s49,1,0.4000,True,0,0,10.19,60,0,57170.4,
ORTEC-SYNTH-300-s49_dyn5e,ORTEC-SYNTH-300-s49,2,0.6000,True,0,0,10.0,60,0,52752.7,
ORTEC-SYNTH-300-s49_dyn5e,ORTEC-SYNTH-300-s49,3,0.8000,True,0,0,6.03,60,0,48364.7,
ORTEC-SYNTH-300-s49_dyn5e,ORTEC-SYNTH-300-s49,4,1.0000,True,0,0,6.23,60,0,41866.8,
ORTEC-SYNTH-300-s48_dyn5e,ORTEC-SYNTH-300-s48,0,0.2000,True,0,0,7.75,60,0,49502.8,
ORTEC-SYNTH-300-s48_dyn5e,ORTEC-SYNTH-300-s48,1,0.4000,True,0,0,9.9,60,0,47947.4,
ORTEC-SYNTH-300-s48_dyn5e,ORTEC-SYNTH-300-s48,2,0.6000,True,0,0,7.82,60,0,45751.8,
ORTEC-SYNTH-300-s48_dyn5e,ORTEC-SYNTH-300-s48,3,0.8000,True,0,0,9.25,60,0,48089.1,
ORTEC-SYNTH-300-s48_dyn5e,ORTEC-SYNTH-300-s48,4,1.0000,True,0,0,10.16,60,0,48731.8,
ORTEC-SYNTH-300-s50_dyn5e,ORTEC-SYNTH-300-s50,0,0.2000,True,0,0,7.98,60,0,44771.6,
ORTEC-SYNTH-300-s50_dyn5e,ORTEC-SYNTH-300-s50,1,0.4000,True,0,0,7.99,60,0,45327.5,
ORTEC-SYNTH-300-s50_dyn5e,ORTEC-SYNTH-300-s50,2,0.6000,True,0,0,8.83,60,0,40728.4,
ORTEC-SYNTH-300-s50_dyn5e,ORTEC-SYNTH-300-s50,3,0.8000,True,0,0,8.35,60,0,48182.6,
ORTEC-SYNTH-300-s50_dyn5e,ORTEC-SYNTH-300-s50,4,1.0000,True,0,0,9.07,60,0,47152.7,
ORTEC-SYNTH-300-s51_dyn5e,ORTEC-SYNTH-300-s51,0,0.2000,True,0,0,11.55,60,0,44357.5,
ORTEC-SYNTH-300-s51_dyn5e,ORTEC-SYNTH-300-s51,1,0.4000,True,0,0,7.81,60,0,43496.3,
ORTEC-SYNTH-300-s51_dyn5e,ORTEC-SYNTH-300-s51,2,0.6000,True,0,0,10.05,60,0,46171.3,
ORTEC-SYNTH-300-s51_dyn5e,ORTEC-SYNTH-300-s51,3,0.8000,True,0,0,6.55,60,0,45865.5,
ORTEC-SYNTH-300-s51_dyn5e,ORTEC-SYNTH-300-s51,4,1.0000,True,0,0,8.21,60,0,47477.8,
ORTEC-SYNTH-300-s52_dyn5e,ORTEC-SYNTH-300-s52,0,0.2000,True,0,0,8.44,60,0,49506.5,
ORTEC-SYNTH-300-s52_dyn5e,ORTEC-SYNTH-300-s52,1,0.4000,True,0,0,9.51,60,0,43662.6,
ORTEC-SYNTH-300-s52_dyn5e,ORTEC-SYNTH-300-s52,2,0.6000,True,0,0,8.33,60,0,56331.5,
ORTEC-SYNTH-300-s52_dyn5e,ORTEC-SYNTH-300-s52,3,0.8000,True,0,0,6.09,60,0,50511.7,
ORTEC-SYNTH-300-s52_dyn5e,ORTEC-SYNTH-300-s52,4,1.0000,True,0,0,6.47,60,0,56236.9,
ORTEC-SYNTH-300-s53_dyn5e,ORTEC-SYNTH-300-s53,0,0.2000,True,0,0,6.99,60,0,41328.1,
ORTEC-SYNTH-300-s53_dyn5e,ORTEC-SYNTH-300-s53,1,0.4000,True,0,0,6.98,60,0,39330.0,
ORTEC-SYNTH-300-s53_dyn5e,ORTEC-SYNTH-300-s53,2,0.6000,True,0,0,9.81,60,0,42376.5,
ORTEC-SYNTH-300-s53_dyn5e,ORTEC-SYNTH-300-s53,3,0.8000,True,0,0,10.29,60,0,44395.6,
ORTEC-SYNTH-300-s53_dyn5e,ORTEC-SYNTH-300-s53,4,1.0000,True,0,0,12.3,60,0,37722.0,
ORTEC-SYNTH-300-s54_dyn5e,ORTEC-SYNTH-300-s54,0,0.2000,True,0,0,7.12,60,0,50403.0,
ORTEC-SYNTH-300-s54_dyn5e,ORTEC-SYNTH-300-s54,1,0.4000,True,0,0,10.04,60,0,60807.1,
ORTEC-SYNTH-300-s54_dyn5e,ORTEC-SYNTH-300-s54,2,0.6000,True,0,0,9.28,60,0,51947.1,
ORTEC-SYNTH-300-s54_dyn5e,ORTEC-SYNTH-300-s54,3,0.8000,True,0,0,7.6,60,0,57400.4,
ORTEC-SYNTH-300-s54_dyn5e,ORTEC-SYNTH-300-s54,4,1.0000,True,0,0,6.33,60,0,48385.8,
ORTEC-SYNTH-300-s55_dyn5e,ORTEC-SYNTH-300-s55,0,0.2000,True,0,0,8.61,60,0,49962.8,
ORTEC-SYNTH-300-s55_dyn5e,ORTEC-SYNTH-300-s55,1,0.4000,True,0,0,12.52,60,0,48406.2,
ORTEC-SYNTH-300-s55_dyn5e,ORTEC-SYNTH-300-s55,2,0.6000,True,0,0,8.86,60,0,55253.4,
ORTEC-SYNTH-300-s55_dyn5e,ORTEC-SYNTH-300-s55,3,0.8000,True,0,0,6.29,60,0,53608.2,
ORTEC-SYNTH-300-s55_dyn5e,ORTEC-SYNTH-300-s55,4,1.0000,True,0,0,15.26,60,0,47450.9,
ORTEC-SYNTH-300-s56_dyn5e,ORTEC-SYNTH-300-s56,0,0.2000,True,0,0,7.46,60,0,52728.5,
ORTEC-SYNTH-300-s56_dyn5e,ORTEC-SYNTH-300-s56,1,0.4000,True,0,0,6.37,60,0,51496.1,
ORTEC-SYNTH-300-s56_dyn5e,ORTEC-SYNTH-300-s56,2,0.6000,True,0,0,9.37,60,0,43636.4,
ORTEC-SYNTH-300-s56_dyn5e,ORTEC-SYNTH-300-s56,3,0.8000,True,0,0,10.51,60,0,47536.4,
ORTEC-SYNTH-300-s56_dyn5e,ORTEC-SYNTH-300-s56,4,1.0000,True,0,0,7.79,60,0,41519.0,
ORTEC-SYNTH-300-s57_dyn5e,ORTEC-SYNTH-300-s57,0,0.2000,True,0,0,9.87,60,0,52311.7,
ORTEC-SYNTH-300-s57_dyn5e,ORTEC-SYNTH-300-s57,1,0.4000,True,0,0,9.11,60,0,44672.6,
ORTEC-SYNTH-300-s57_dyn5e,ORTEC-SYNTH-300-s57,2,0.6000,True,0,0,8.52,60,0,45815.6,
ORTEC-SYNTH-300-s57_dyn5e,ORTEC-SYNTH-300-s57,3,0.8000,True,0,0,5.09,60,0,55321.6,
ORTEC-SYNTH-300-s57_dyn5e,ORTEC-SYNTH-300-s57,4,1.0000,True,0,0,10.96,60,0,56536.1,
ORTEC-SYNTH-300-s58_dyn5e,ORTEC-SYNTH-300-s58,0,0.2000,True,0,0,11.47,60,0,48612.6,
ORTEC-SYNTH-300-s58_dyn5e,ORTEC-SYNTH-300-s58,1,0.4000,True,0,0,8.27,60,0,50455.0,
ORTEC-SYNTH-300-s58_dyn5e,ORTEC-SYNTH-300-s58,2,0.6000,True,0,0,10.13,60,0,46227.5,
ORTEC-SYNTH-300-s58_dyn5e,ORTEC-SYNTH-300-s58,3,0.8000,True,0,0,7.93,60,0,53909.9,
ORTEC-SYNTH-300-s58_dyn5e,ORTEC-SYNTH-300-s58,4,1.0000,True,0,0,7.43,60,0,51864.2,
ORTEC-SYNTH-300-s60_dyn5e,ORTEC-SYNTH-300-s60,0,0.2000,True,0,0,9.7,60,0,42726.3,
ORTEC-SYNTH-300-s60_dyn5e,ORTEC-SYNTH-300-s60,1,0.4000,True,0,0,8.71,60,0,47223.4,
ORTEC-SYNTH-300-s60_dyn5e,ORTEC-SYNTH-300-s60,2,0.6000,True,0,0,5.39,60,0,46521.6,
ORTEC-SYNTH-300-s60_dyn5e,ORTEC-SYNTH-300-s60,3,0.8000,True,0,0,10.22,60,0,47253.5,
ORTEC-SYNTH-300-s60_dyn5e,ORTEC-SYNTH-300-s60,4,1.0000,True,0,0,7.68,60,0,44281.0,
ORTEC-SYNTH-300-s61_dyn5e,ORTEC-SYNTH-300-s61,0,0.2000,True,0,0,7.74,60,0,41458.3,
ORTEC-SYNTH-300-s61_dyn5e,ORTEC-SYNTH-300-s61,1,0.4000,True,0,0,7.22,60,0,39038.0,
ORTEC-SYNTH-300-s61_dyn5e,ORTEC-SYNTH-300-s61,2,0.6000,True,0,0,7.51,60,0,39803.4,
ORTEC-SYNTH-300-s61_dyn5e,ORTEC-SYNTH-300-s61,3,0.8000,True,0,0,6.22,60,0,47136.5,
ORTEC-SYNTH-300-s61_dyn5e,ORTEC-SYNTH-300-s61,4,1.0000,True,0,0,5.46,60,0,46428.0,
ORTEC-SYNTH-300-s62_dyn5e,ORTEC-SYNTH-300-s62,0,0.2000,True,0,0,7.8,60,0,55193.4,
ORTEC-SYNTH-300-s62_dyn5e,ORTEC-SYNTH-300-s62,1,0.4000,True,0,0,9.44,60,0,58958.2,
ORTEC-SYNTH-300-s62_dyn5e,ORTEC-SYNTH-300-s62,2,0.6000,True,0,0,6.42,60,0,56011.3,
ORTEC-SYNTH-300-s62_dyn5e,ORTEC-SYNTH-300-s62,3,0.8000,True,0,0,11.24,60,0,48763.6,
ORTEC-SYNTH-300-s62_dyn5e,ORTEC-SYNTH-300-s62,4,1.0000,True,0,0,10.09,60,0,58021.4,
ORTEC-SYNTH-300-s63_dyn5e,ORTEC-SYNTH-300-s63,0,0.2000,True,0,0,6.33,60,0,50039.8,
ORTEC-SYNTH-300-s63_dyn5e,ORTEC-SYNTH-300-s63,1,0.4000,True,0,0,9.27,60,0,51823.1,
ORTEC-SYNTH-300-s63_dyn5e,ORTEC-SYNTH-300-s63,2,0.6000,True,0,0,7.43,60,0,50824.9,
ORTEC-SYNTH-300-s63_dyn5e,ORTEC-SYNTH-300-s63,3,0.8000,True,0,0,7.38,60,0,52958.8,
ORTEC-SYNTH-300-s63_dyn5e,ORTEC-SYNTH-300-s63,4,1.0000,True,0,0,8.97,60,0,52133.4,
ORTEC-SYNTH-300-s64_dyn5e,ORTEC-SYNTH-300-s64,0,0.2000,True,0,0,8.76,60,0,46767.4,
ORTEC-SYNTH-300-s64_dyn5e,ORTEC-SYNTH-300-s64,1,0.4000,True,0,0,8.07,60,0,54088.2,
ORTEC-SYNTH-300-s64_dyn5e,ORTEC-SYNTH-300-s64,2,0.6000,True,0,0,10.91,60,0,50377.2,
ORTEC-SYNTH-300-s64_dyn5e,ORTEC-SYNTH-300-s64,3,0.8000,True,0,0,9.55,60,0,50623.5,
ORTEC-SYNTH-300-s64_dyn5e,ORTEC-SYNTH-300-s64,4,1.0000,True,0,0,10.28,60,0,51663.2,
ORTEC-SYNTH-300-s65_dyn5e,ORTEC-SYNTH-300-s65,0,0.2000,True,0,0,9.09,60,0,40839.7,
ORTEC-SYNTH-300-s65_dyn5e,ORTEC-SYNTH-300-s65,1,0.4000,True,0,0,6.64,60,0,38599.3,
ORTEC-SYNTH-300-s65_dyn5e,ORTEC-SYNTH-300-s65,2,0.6000,True,0,0,7.17,60,0,42296.0,
ORTEC-SYNTH-300-s65_dyn5e,ORTEC-SYNTH-300-s65,3,0.8000,True,0,0,9.92,60,0,46369.8,
ORTEC-SYNTH-300-s65_dyn5e,ORTEC-SYNTH-300-s65,4,1.0000,True,0,0,10.95,60,0,40481.1,
ORTEC-SYNTH-300-s66_dyn5e,ORTEC-SYNTH-300-s66,0,0.2000,True,0,0,9.39,60,0,43539.8,
ORTEC-SYNTH-300-s66_dyn5e,ORTEC-SYNTH-300-s66,1,0.4000,True,0,0,5.03,60,0,48730.7,
ORTEC-SYNTH-300-s66_dyn5e,ORTEC-SYNTH-300-s66,2,0.6000,True,0,0,9.16,60,0,47095.2,
ORTEC-SYNTH-300-s66_dyn5e,ORTEC-SYNTH-300-s66,3,0.8000,True,0,0,6.37,60,0,42073.8,
ORTEC-SYNTH-300-s66_dyn5e,ORTEC-SYNTH-300-s66,4,1.0000,True,0,0,6.79,60,0,47147.6,
ORTEC-SYNTH-300-s67_dyn5e,ORTEC-SYNTH-300-s67,0,0.2000,True,0,0,6.89,60,0,54004.1,
ORTEC-SYNTH-300-s67_dyn5e,ORTEC-SYNTH-300-s67,1,0.4000,True,0,0,10.45,60,0,60098.6,
ORTEC-SYNTH-300-s67_dyn5e,ORTEC-SYNTH-300-s67,2,0.6000,True,0,0,7.78,60,0,56387.9,
ORTEC-SYNTH-300-s67_dyn5e,ORTEC-SYNTH-300-s67,3,0.8000,True,0,0,10.35,60,0,51160.5,
ORTEC-SYNTH-300-s67_dyn5e,ORTEC-SYNTH-300-s67,4,1.0000,True,0,0,6.84,60,0,57778.8,
ORTEC-SYNTH-300-s69_dyn5e,ORTEC-SYNTH-300-s69,0,0.2000,True,0,0,7.61,60,0,57600.0,
ORTEC-SYNTH-300-s69_dyn5e,ORTEC-SYNTH-300-s69,1,0.4000,True,0,0,6.43,60,0,58055.7,
ORTEC-SYNTH-300-s69_dyn5e,ORTEC-SYNTH-300-s69,2,0.6000,True,0,0,7.39,60,0,51544.8,
ORTEC-SYNTH-300-s69_dyn5e,ORTEC-SYNTH-300-s69,3,0.8000,True,0,0,5.9,60,0,53923.9,
ORTEC-SYNTH-300-s69_dyn5e,ORTEC-SYNTH-300-s69,4,1.0000,True,0,0,7.36,60,0,53592.2,
ORTEC-SYNTH-300-s70_dyn5e,ORTEC-SYNTH-300-s70,0,0.2000,True,0,0,6.49,60,0,67310.0,
ORTEC-SYNTH-300-s70_dyn5e,ORTEC-SYNTH-300-s70,1,0.4000,True,0,0,7.91,60,0,51501.0,
ORTEC-SYNTH-300-s70_dyn5e,ORTEC-SYNTH-300-s70,2,0.6000,True,0,0,7.22,60,0,60988.9,
ORTEC-SYNTH-300-s70_dyn5e,ORTEC-SYNTH-300-s70,3,0.8000,True,0,0,10.39,60,0,57655.9,
ORTEC-SYNTH-300-s70_dyn5e,ORTEC-SYNTH-300-s70,4,1.0000,True,0,0,7.68,60,0,59058.1,
ORTEC-SYNTH-300-s72_dyn5e,ORTEC-SYNTH-300-s72,0,0.2000,True,0,0,8.93,60,0,51240.7,
ORTEC-SYNTH-300-s72_dyn5e,ORTEC-SYNTH-300-s72,1,0.4000,True,0,0,11.07,60,0,49118.3,
ORTEC-SYNTH-300-s72_dyn5e,ORTEC-SYNTH-300-s72,2,0.6000,True,0,0,8.76,60,0,47314.3,
ORTEC-SYNTH-300-s72_dyn5e,ORTEC-SYNTH-300-s72,3,0.8000,True,0,0,7.96,60,0,50275.2,
ORTEC-SYNTH-300-s72_dyn5e,ORTEC-SYNTH-300-s72,4,1.0000,True,0,0,9.87,60,0,47949.2,
ORTEC-SYNTH-300-s59_dyn5e,ORTEC-SYNTH-300-s59,0,0.2000,True,0,0,8.06,60,0,55305.1,
ORTEC-SYNTH-300-s59_dyn5e,ORTEC-SYNTH-300-s59,1,0.4000,True,0,0,7.36,60,0,56292.2,
ORTEC-SYNTH-300-s59_dyn5e,ORTEC-SYNTH-300-s59,2,0.6000,True,0,0,7.61,60,0,52822.9,
ORTEC-SYNTH-300-s59_dyn5e,ORTEC-SYNTH-300-s59,3,0.6000,False,0,0,120.09,0,60,0.0,
ORTEC-SYNTH-300-s59_dyn5e,ORTEC-SYNTH-300-s59,4,0.6000,False,0,0,120.17,0,120,0.0,
ORTEC-SYNTH-300-s73_dyn5e,ORTEC-SYNTH-300-s73,0,0.2000,True,0,0,7.39,60,0,37447.0,
ORTEC-SYNTH-300-s73_dyn5e,ORTEC-SYNTH-300-s73,1,0.4000,True,0,0,9.17,60,0,39279.5,
ORTEC-SYNTH-300-s73_dyn5e,ORTEC-SYNTH-300-s73,2,0.6000,True,0,0,7.9,60,0,34735.6,
ORTEC-SYNTH-300-s73_dyn5e,ORTEC-SYNTH-300-s73,3,0.8000,True,0,0,6.37,60,0,35268.9,
ORTEC-SYNTH-300-s73_dyn5e,ORTEC-SYNTH-300-s73,4,1.0000,True,0,0,9.25,60,0,33009.0,
ORTEC-SYNTH-300-s74_dyn5e,ORTEC-SYNTH-300-s74,0,0.2000,True,0,0,9.12,60,0,48799.8,
ORTEC-SYNTH-300-s74_dyn5e,ORTEC-SYNTH-300-s74,1,0.4000,True,0,0,10.3,60,0,49430.3,
ORTEC-SYNTH-300-s74_dyn5e,ORTEC-SYNTH-300-s74,2,0.6000,True,0,0,9.29,60,0,58013.0,
ORTEC-SYNTH-300-s74_dyn5e,ORTEC-SYNTH-300-s74,3,0.8000,True,0,0,12.07,60,0,49526.7,
ORTEC-SYNTH-300-s74_dyn5e,ORTEC-SYNTH-300-s74,4,1.0000,True,0,0,7.16,60,0,45197.2,
ORTEC-SYNTH-300-s75_dyn5e,ORTEC-SYNTH-300-s75,0,0.2000,True,0,0,9.3,60,0,41713.7,
ORTEC-SYNTH-300-s75_dyn5e,ORTEC-SYNTH-300-s75,1,0.4000,True,0,0,10.07,60,0,37910.9,
ORTEC-SYNTH-300-s75_dyn5e,ORTEC-SYNTH-300-s75,2,0.6000,True,0,0,9.35,60,0,43196.2,
ORTEC-SYNTH-300-s75_dyn5e,ORTEC-SYNTH-300-s75,3,0.8000,True,0,0,10.39,60,0,42225.3,
ORTEC-SYNTH-300-s75_dyn5e,ORTEC-SYNTH-300-s75,4,1.0000,True,0,0,13.5,60,0,40694.3,
ORTEC-SYNTH-300-s76_dyn5e,ORTEC-SYNTH-300-s76,0,0.2000,True,0,0,10.23,60,0,54536.7,
ORTEC-SYNTH-300-s76_dyn5e,ORTEC-SYNTH-300-s76,1,0.4000,True,0,0,9.07,60,0,47724.7,
ORTEC-SYNTH-300-s76_dyn5e,ORTEC-SYNTH-300-s76,2,0.6000,True,0,0,5.12,60,0,41549.5,
ORTEC-SYNTH-300-s76_dyn5e,ORTEC-SYNTH-300-s76,3,0.8000,True,0,0,8.5,60,0,50376.5,
ORTEC-SYNTH-300-s76_dyn5e,ORTEC-SYNTH-300-s76,4,1.0000,True,0,0,9.16,60,0,51659.1,
ORTEC-SYNTH-300-s78_dyn5e,ORTEC-SYNTH-300-s78,0,0.2000,True,0,0,10.31,60,0,52961.9,
ORTEC-SYNTH-300-s78_dyn5e,ORTEC-SYNTH-300-s78,1,0.4000,True,0,0,6.46,60,0,49515.9,
ORTEC-SYNTH-300-s78_dyn5e,ORTEC-SYNTH-300-s78,2,0.6000,True,0,0,12.07,60,0,51208.6,
ORTEC-SYNTH-300-s78_dyn5e,ORTEC-SYNTH-300-s78,3,0.8000,True,0,0,8.42,60,0,55011.7,
ORTEC-SYNTH-300-s78_dyn5e,ORTEC-SYNTH-300-s78,4,1.0000,True,0,0,9.45,60,0,58490.6,
ORTEC-SYNTH-300-s71_dyn5e,ORTEC-SYNTH-300-s71,0,0.2000,True,0,0,9.61,60,0,49656.2,
ORTEC-SYNTH-300-s71_dyn5e,ORTEC-SYNTH-300-s71,1,0.4000,True,0,0,6.3,60,0,48223.7,
ORTEC-SYNTH-300-s71_dyn5e,ORTEC-SYNTH-300-s71,2,0.6000,True,0,0,10.21,60,0,46052.6,
ORTEC-SYNTH-300-s71_dyn5e,ORTEC-SYNTH-300-s71,3,0.6000,False,0,0,120.47,0,60,0.0,
ORTEC-SYNTH-300-s71_dyn5e,ORTEC-SYNTH-300-s71,4,0.6000,False,0,0,120.19,0,120,0.0,
ORTEC-SYNTH-300-s79_dyn5e,ORTEC-SYNTH-300-s79,0,0.2000,True,0,0,7.19,60,0,44042.9,
ORTEC-SYNTH-300-s79_dyn5e,ORTEC-SYNTH-300-s79,1,0.4000,True,0,0,11.8,60,0,43474.0,
ORTEC-SYNTH-300-s79_dyn5e,ORTEC-SYNTH-300-s79,2,0.6000,True,0,0,10.77,60,0,51749.0,
ORTEC-SYNTH-300-s79_dyn5e,ORTEC-SYNTH-300-s79,3,0.8000,True,0,0,9.03,60,0,43971.4,
ORTEC-SYNTH-300-s79_dyn5e,ORTEC-SYNTH-300-s79,4,1.0000,True,0,0,5.89,60,0,41752.3,
ORTEC-SYNTH-300-s80_dyn5e,ORTEC-SYNTH-300-s80,0,0.2000,True,0,0,10.04,60,0,45767.8,
ORTEC-SYNTH-300-s80_dyn5e,ORTEC-SYNTH-300-s80,1,0.4000,True,0,0,6.9,60,0,43220.5,
ORTEC-SYNTH-300-s80_dyn5e,ORTEC-SYNTH-300-s80,2,0.6000,True,0,0,8.45,60,0,45051.6,
ORTEC-SYNTH-300-s80_dyn5e,ORTEC-SYNTH-300-s80,3,0.8000,True,0,0,8.39,60,0,46616.6,
ORTEC-SYNTH-300-s80_dyn5e,ORTEC-SYNTH-300-s80,4,1.0000,True,0,0,10.92,60,0,41854.8,
ORTEC-SYNTH-300-s81_dyn5e,ORTEC-SYNTH-300-s81,0,0.2000,True,0,0,8.15,60,0,45607.0,
ORTEC-SYNTH-300-s81_dyn5e,ORTEC-SYNTH-300-s81,1,0.4000,True,0,0,6.63,60,0,39570.6,
ORTEC-SYNTH-300-s81_dyn5e,ORTEC-SYNTH-300-s81,2,0.6000,True,0,0,7.55,60,0,43987.7,
ORTEC-SYNTH-300-s81_dyn5e,ORTEC-SYNTH-300-s81,3,0.8000,True,0,0,10.28,60,0,36815.8,
ORTEC-SYNTH-300-s81_dyn5e,ORTEC-SYNTH-300-s81,4,1.0000,True,0,0,6.13,60,0,42851.4,
ORTEC-SYNTH-300-s68_dyn5e,ORTEC-SYNTH-300-s68,0,0.2000,True,0,0,13.13,60,0,53318.8,
ORTEC-SYNTH-300-s68_dyn5e,ORTEC-SYNTH-300-s68,1,0.4000,True,0,0,11.85,60,0,58448.7,
ORTEC-SYNTH-300-s68_dyn5e,ORTEC-SYNTH-300-s68,2,0.4000,False,0,0,120.07,0,60,0.0,
ORTEC-SYNTH-300-s68_dyn5e,ORTEC-SYNTH-300-s68,3,0.4000,False,0,0,120.39,0,120,0.0,
ORTEC-SYNTH-300-s68_dyn5e,ORTEC-SYNTH-300-s68,4,0.4000,False,0,0,120.14,0,180,0.0,
ORTEC-SYNTH-300-s82_dyn5e,ORTEC-SYNTH-300-s82,0,0.2000,True,0,0,9.95,60,0,44642.1,
ORTEC-SYNTH-300-s82_dyn5e,ORTEC-SYNTH-300-s82,1,0.4000,True,0,0,8.07,60,0,41740.7,
ORTEC-SYNTH-300-s82_dyn5e,ORTEC-SYNTH-300-s82,2,0.6000,True,0,0,8.13,60,0,39827.2,
ORTEC-SYNTH-300-s82_dyn5e,ORTEC-SYNTH-300-s82,3,0.8000,True,0,0,11.93,60,0,38242.5,
ORTEC-SYNTH-300-s82_dyn5e,ORTEC-SYNTH-300-s82,4,1.0000,True,0,0,9.8,60,0,42958.9,
ORTEC-SYNTH-300-s83_dyn5e,ORTEC-SYNTH-300-s83,0,0.2000,True,0,0,9.1,60,0,43532.3,
ORTEC-SYNTH-300-s83_dyn5e,ORTEC-SYNTH-300-s83,1,0.4000,True,0,0,7.61,60,0,48618.5,
ORTEC-SYNTH-300-s83_dyn5e,ORTEC-SYNTH-300-s83,2,0.6000,True,0,0,9.36,60,0,45531.4,
ORTEC-SYNTH-300-s83_dyn5e,ORTEC-SYNTH-300-s83,3,0.8000,True,0,0,8.9,60,0,49385.9,
ORTEC-SYNTH-300-s83_dyn5e,ORTEC-SYNTH-300-s83,4,1.0000,True,0,0,11.41,60,0,49412.7,
ORTEC-SYNTH-300-s84_dyn5e,ORTEC-SYNTH-300-s84,0,0.2000,True,0,0,9.33,60,0,73951.8,
ORTEC-SYNTH-300-s84_dyn5e,ORTEC-SYNTH-300-s84,1,0.4000,True,0,0,7.38,60,0,55818.8,
ORTEC-SYNTH-300-s84_dyn5e,ORTEC-SYNTH-300-s84,2,0.6000,True,0,0,6.72,60,0,56491.8,
ORTEC-SYNTH-300-s84_dyn5e,ORTEC-SYNTH-300-s84,3,0.8000,True,0,0,7.99,60,0,54773.6,
ORTEC-SYNTH-300-s84_dyn5e,ORTEC-SYNTH-300-s84,4,1.0000,True,0,0,8.1,60,0,53064.1,
ORTEC-SYNTH-300-s85_dyn5e,ORTEC-SYNTH-300-s85,0,0.2000,True,0,0,8.49,60,0,52428.4,
ORTEC-SYNTH-300-s85_dyn5e,ORTEC-SYNTH-300-s85,1,0.4000,True,0,0,11.04,60,0,43466.2,
ORTEC-SYNTH-300-s85_dyn5e,ORTEC-SYNTH-300-s85,2,0.6000,True,0,0,10.71,60,0,49791.9,
ORTEC-SYNTH-300-s85_dyn5e,ORTEC-SYNTH-300-s85,3,0.8000,True,0,0,7.67,60,0,52180.7,
ORTEC-SYNTH-300-s85_dyn5e,ORTEC-SYNTH-300-s85,4,1.0000,True,0,0,5.98,60,0,44734.2,
ORTEC-SYNTH-300-s86_dyn5e,ORTEC-SYNTH-300-s86,0,0.2000,True,0,0,8.43,60,0,51450.0,
ORTEC-SYNTH-300-s86_dyn5e,ORTEC-SYNTH-300-s86,1,0.4000,True,0,0,7.56,60,0,49702.5,
ORTEC-SYNTH-300-s86_dyn5e,ORTEC-SYNTH-300-s86,2,0.6000,True,0,0,12.11,60,0,55535.3,
ORTEC-SYNTH-300-s86_dyn5e,ORTEC-SYNTH-300-s86,3,0.8000,True,0,0,7.82,60,0,52237.6,
ORTEC-SYNTH-300-s86_dyn5e,ORTEC-SYNTH-300-s86,4,1.0000,True,0,0,8.38,60,0,50566.9,
ORTEC-SYNTH-300-s87_dyn5e,ORTEC-SYNTH-300-s87,0,0.2000,True,0,0,13.98,60,0,38826.1,
ORTEC-SYNTH-300-s87_dyn5e,ORTEC-SYNTH-300-s87,1,0.4000,True,0,0,8.57,60,0,50255.7,
ORTEC-SYNTH-300-s87_dyn5e,ORTEC-SYNTH-300-s87,2,0.6000,True,0,0,8.3,60,0,49527.5,
ORTEC-SYNTH-300-s87_dyn5e,ORTEC-SYNTH-300-s87,3,0.8000,True,0,0,9.04,60,0,46836.8,
ORTEC-SYNTH-300-s87_dyn5e,ORTEC-SYNTH-300-s87,4,1.0000,True,0,0,8.53,60,0,52351.3,
ORTEC-SYNTH-300-s89_dyn5e,ORTEC-SYNTH-300-s89,0,0.2000,True,0,0,7.38,60,0,55107.3,
ORTEC-SYNTH-300-s89_dyn5e,ORTEC-SYNTH-300-s89,1,0.4000,True,0,0,11.75,60,0,59426.3,
ORTEC-SYNTH-300-s89_dyn5e,ORTEC-SYNTH-300-s89,2,0.6000,True,0,0,11.38,60,0,64092.4,
ORTEC-SYNTH-300-s89_dyn5e,ORTEC-SYNTH-300-s89,3,0.8000,True,0,0,13.45,60,0,62758.5,
ORTEC-SYNTH-300-s89_dyn5e,ORTEC-SYNTH-300-s89,4,1.0000,True,0,0,8.89,60,0,62109.9,
ORTEC-SYNTH-300-s90_dyn5e,ORTEC-SYNTH-300-s90,0,0.2000,True,0,0,8.24,60,0,48257.5,
ORTEC-SYNTH-300-s90_dyn5e,ORTEC-SYNTH-300-s90,1,0.4000,True,0,0,9.31,60,0,46106.1,
ORTEC-SYNTH-300-s90_dyn5e,ORTEC-SYNTH-300-s90,2,0.6000,True,0,0,7.78,60,0,42902.7,
ORTEC-SYNTH-300-s90_dyn5e,ORTEC-SYNTH-300-s90,3,0.8000,True,0,0,8.87,60,0,46074.9,
ORTEC-SYNTH-300-s90_dyn5e,ORTEC-SYNTH-300-s90,4,1.0000,True,0,0,8.45,60,0,49660.0,
ORTEC-SYNTH-300-s92_dyn5e,ORTEC-SYNTH-300-s92,0,0.2000,True,0,0,9.91,60,0,40641.6,
ORTEC-SYNTH-300-s92_dyn5e,ORTEC-SYNTH-300-s92,1,0.4000,True,0,0,9.09,60,0,40131.8,
ORTEC-SYNTH-300-s92_dyn5e,ORTEC-SYNTH-300-s92,2,0.6000,True,0,0,13.27,60,0,40135.4,
ORTEC-SYNTH-300-s92_dyn5e,ORTEC-SYNTH-300-s92,3,0.8000,True,0,0,6.17,60,0,39393.9,
ORTEC-SYNTH-300-s92_dyn5e,ORTEC-SYNTH-300-s92,4,1.0000,True,0,0,10.73,60,0,41227.7,
ORTEC-SYNTH-300-s93_dyn5e,ORTEC-SYNTH-300-s93,0,0.2000,True,0,0,9.04,60,0,45168.3,
ORTEC-SYNTH-300-s93_dyn5e,ORTEC-SYNTH-300-s93,1,0.4000,True,0,0,8.89,60,0,44911.8,
ORTEC-SYNTH-300-s93_dyn5e,ORTEC-SYNTH-300-s93,2,0.6000,True,0,0,7.19,60,0,39337.2,
ORTEC-SYNTH-300-s93_dyn5e,ORTEC-SYNTH-300-s93,3,0.8000,True,0,0,6.81,60,0,45127.2,
ORTEC-SYNTH-300-s93_dyn5e,ORTEC-SYNTH-300-s93,4,1.0000,True,0,0,7.79,60,0,46672.5,
ORTEC-SYNTH-300-s94_dyn5e,ORTEC-SYNTH-300-s94,0,0.2000,True,0,0,10.41,60,0,36485.4,
ORTEC-SYNTH-300-s94_dyn5e,ORTEC-SYNTH-300-s94,1,0.4000,True,0,0,11.64,60,0,43653.0,
ORTEC-SYNTH-300-s94_dyn5e,ORTEC-SYNTH-300-s94,2,0.6000,True,0,0,10.61,60,0,45370.4,
ORTEC-SYNTH-300-s94_dyn5e,ORTEC-SYNTH-300-s94,3,0.8000,True,0,0,8.18,60,0,43647.9,
ORTEC-SYNTH-300-s94_dyn5e,ORTEC-SYNTH-300-s94,4,1.0000,True,0,0,8.83,60,0,42095.5,
ORTEC-SYNTH-300-s77_dyn5e,ORTEC-SYNTH-300-s77,0,0.2000,True,0,0,7.07,60,0,48137.5,
ORTEC-SYNTH-300-s77_dyn5e,ORTEC-SYNTH-300-s77,1,0.2000,False,0,0,120.31,0,60,0.0,
ORTEC-SYNTH-300-s77_dyn5e,ORTEC-SYNTH-300-s77,2,0.2000,False,0,0,120.15,0,120,0.0,
ORTEC-SYNTH-300-s77_dyn5e,ORTEC-SYNTH-300-s77,3,0.2000,False,0,0,120.24,0,180,0.0,
ORTEC-SYNTH-300-s77_dyn5e,ORTEC-SYNTH-300-s77,4,0.2000,False,0,0,120.38,0,240,0.0,
ORTEC-SYNTH-300-s95_dyn5e,ORTEC-SYNTH-300-s95,0,0.2000,True,0,0,12.85,60,0,55687.7,
ORTEC-SYNTH-300-s95_dyn5e,ORTEC-SYNTH-300-s95,1,0.4000,True,0,0,8.11,60,0,53825.5,
ORTEC-SYNTH-300-s95_dyn5e,ORTEC-SYNTH-300-s95,2,0.6000,True,0,0,8.59,60,0,42372.7,
ORTEC-SYNTH-300-s95_dyn5e,ORTEC-SYNTH-300-s95,3,0.8000,True,0,0,7.52,60,0,58833.8,
ORTEC-SYNTH-300-s95_dyn5e,ORTEC-SYNTH-300-s95,4,1.0000,True,0,0,10.31,60,0,46260.6,
ORTEC-SYNTH-300-s88_dyn5e,ORTEC-SYNTH-300-s88,0,0.2000,True,0,0,7.26,60,0,41267.5,
ORTEC-SYNTH-300-s88_dyn5e,ORTEC-SYNTH-300-s88,1,0.4000,True,0,0,5.97,60,0,43191.6,
ORTEC-SYNTH-300-s88_dyn5e,ORTEC-SYNTH-300-s88,2,0.6000,True,0,0,7.56,60,0,45770.7,
ORTEC-SYNTH-300-s88_dyn5e,ORTEC-SYNTH-300-s88,3,0.6000,False,0,0,120.61,0,60,0.0,
ORTEC-SYNTH-300-s88_dyn5e,ORTEC-SYNTH-300-s88,4,0.6000,False,0,0,120.38,0,120,0.0,
ORTEC-SYNTH-300-s96_dyn5e,ORTEC-SYNTH-300-s96,0,0.2000,True,0,0,9.95,60,0,51957.2,
ORTEC-SYNTH-300-s96_dyn5e,ORTEC-SYNTH-300-s96,1,0.4000,True,0,0,9.03,60,0,53428.1,
ORTEC-SYNTH-300-s96_dyn5e,ORTEC-SYNTH-300-s96,2,0.6000,True,0,0,7.52,60,0,49291.9,
ORTEC-SYNTH-300-s96_dyn5e,ORTEC-SYNTH-300-s96,3,0.8000,True,0,0,6.77,60,0,54534.2,
ORTEC-SYNTH-300-s96_dyn5e,ORTEC-SYNTH-300-s96,4,1.0000,True,0,0,9.54,60,0,46039.0,
ORTEC-SYNTH-300-s97_dyn5e,ORTEC-SYNTH-300-s97,0,0.2000,True,0,0,7.79,60,0,47424.3,
ORTEC-SYNTH-300-s97_dyn5e,ORTEC-SYNTH-300-s97,1,0.4000,True,0,0,5.88,60,0,58374.3,
ORTEC-SYNTH-300-s97_dyn5e,ORTEC-SYNTH-300-s97,2,0.6000,True,0,0,6.77,60,0,41965.3,
ORTEC-SYNTH-300-s97_dyn5e,ORTEC-SYNTH-300-s97,3,0.8000,True,0,0,7.35,60,0,47779.1,
ORTEC-SYNTH-300-s97_dyn5e,ORTEC-SYNTH-300-s97,4,1.0000,True,0,0,7.49,60,0,42978.2,
ORTEC-SYNTH-300-s98_dyn5e,ORTEC-SYNTH-300-s98,0,0.2000,True,0,0,8.13,60,0,43791.1,
ORTEC-SYNTH-300-s98_dyn5e,ORTEC-SYNTH-300-s98,1,0.4000,True,0,0,8.88,60,0,53874.0,
ORTEC-SYNTH-300-s98_dyn5e,ORTEC-SYNTH-300-s98,2,0.6000,True,0,0,7.56,60,0,50745.7,
ORTEC-SYNTH-300-s98_dyn5e,ORTEC-SYNTH-300-s98,3,0.8000,True,0,0,9.65,60,0,42635.2,
ORTEC-SYNTH-300-s98_dyn5e,ORTEC-SYNTH-300-s98,4,1.0000,True,0,0,8.77,60,0,45784.7,
ORTEC-SYNTH-300-s99_dyn5e,ORTEC-SYNTH-300-s99,0,0.2000,True,0,0,5.47,60,0,45621.4,
ORTEC-SYNTH-300-s99_dyn5e,ORTEC-SYNTH-300-s99,1,0.4000,True,0,0,7.96,60,0,42278.1,
ORTEC-SYNTH-300-s99_dyn5e,ORTEC-SYNTH-300-s99,2,0.6000,True,0,0,8.06,60,0,45681.1,
ORTEC-SYNTH-300-s99_dyn5e,ORTEC-SYNTH-300-s99,3,0.8000,True,0,0,7.5,60,0,46851.5,
ORTEC-SYNTH-300-s99_dyn5e,ORTEC-SYNTH-300-s99,4,1.0000,True,0,0,12.88,60,0,47718.8,
ORTEC-SYNTH-500-s200_dyn5e,ORTEC-SYNTH-500-s200,0,0.2000,True,0,0,13.2,100,0,82272.7,
ORTEC-SYNTH-500-s200_dyn5e,ORTEC-SYNTH-500-s200,1,0.4000,True,0,0,13.11,100,0,75615.8,
ORTEC-SYNTH-500-s200_dyn5e,ORTEC-SYNTH-500-s200,2,0.6000,True,0,0,16.38,100,0,82643.0,
ORTEC-SYNTH-500-s200_dyn5e,ORTEC-SYNTH-500-s200,3,0.8000,True,0,0,14.31,100,0,81932.4,
ORTEC-SYNTH-500-s200_dyn5e,ORTEC-SYNTH-500-s200,4,1.0000,True,0,0,21.64,100,0,76196.5,
ORTEC-SYNTH-500-s201_dyn5e,ORTEC-SYNTH-500-s201,0,0.2000,True,0,0,16.2,100,0,73598.9,
ORTEC-SYNTH-500-s201_dyn5e,ORTEC-SYNTH-500-s201,1,0.4000,True,0,0,14.18,100,0,64837.4,
ORTEC-SYNTH-500-s201_dyn5e,ORTEC-SYNTH-500-s201,2,0.6000,True,0,0,16.43,100,0,66992.2,
ORTEC-SYNTH-500-s201_dyn5e,ORTEC-SYNTH-500-s201,3,0.8000,True,0,0,11.17,100,0,73094.4,
ORTEC-SYNTH-500-s201_dyn5e,ORTEC-SYNTH-500-s201,4,1.0000,True,0,0,14.01,100,0,67233.3,
ORTEC-SYNTH-500-s202_dyn5e,ORTEC-SYNTH-500-s202,0,0.2000,True,0,0,13.94,100,0,75568.6,
ORTEC-SYNTH-500-s202_dyn5e,ORTEC-SYNTH-500-s202,1,0.4000,True,0,0,17.19,100,0,72920.7,
ORTEC-SYNTH-500-s202_dyn5e,ORTEC-SYNTH-500-s202,2,0.6000,True,0,0,24.19,100,0,67140.3,
ORTEC-SYNTH-500-s202_dyn5e,ORTEC-SYNTH-500-s202,3,0.8000,True,0,0,17.14,100,0,65639.0,
ORTEC-SYNTH-500-s202_dyn5e,ORTEC-SYNTH-500-s202,4,1.0000,True,0,0,17.75,100,0,74593.0,
ORTEC-SYNTH-500-s204_dyn5e,ORTEC-SYNTH-500-s204,0,0.2000,True,0,0,17.87,100,0,64660.8,
ORTEC-SYNTH-500-s204_dyn5e,ORTEC-SYNTH-500-s204,1,0.4000,True,0,0,16.31,100,0,66544.7,
ORTEC-SYNTH-500-s204_dyn5e,ORTEC-SYNTH-500-s204,2,0.6000,True,0,0,9.71,100,0,66389.0,
ORTEC-SYNTH-500-s204_dyn5e,ORTEC-SYNTH-500-s204,3,0.8000,True,0,0,14.61,100,0,60979.5,
ORTEC-SYNTH-500-s204_dyn5e,ORTEC-SYNTH-500-s204,4,1.0000,True,0,0,9.89,100,0,62351.2,
ORTEC-SYNTH-500-s203_dyn5e,ORTEC-SYNTH-500-s203,0,0.2000,True,0,0,14.15,100,0,66295.0,
ORTEC-SYNTH-500-s203_dyn5e,ORTEC-SYNTH-500-s203,1,0.4000,True,0,0,18.24,100,0,70802.0,
ORTEC-SYNTH-500-s203_dyn5e,ORTEC-SYNTH-500-s203,2,0.6000,True,0,0,16.32,100,0,65819.0,
ORTEC-SYNTH-500-s203_dyn5e,ORTEC-SYNTH-500-s203,3,0.8000,True,0,0,12.64,100,0,65401.1,
ORTEC-SYNTH-500-s203_dyn5e,ORTEC-SYNTH-500-s203,4,1.0000,True,0,0,18.46,100,0,78024.0,
ORTEC-SYNTH-500-s205_dyn5e,ORTEC-SYNTH-500-s205,0,0.2000,True,0,0,17.1,100,0,57753.6,
ORTEC-SYNTH-500-s205_dyn5e,ORTEC-SYNTH-500-s205,1,0.4000,True,0,0,16.88,100,0,64108.2,
ORTEC-SYNTH-500-s205_dyn5e,ORTEC-SYNTH-500-s205,2,0.6000,True,0,0,11.06,100,0,62370.8,
ORTEC-SYNTH-500-s205_dyn5e,ORTEC-SYNTH-500-s205,3,0.8000,True,0,0,11.45,100,0,62458.4,
ORTEC-SYNTH-500-s205_dyn5e,ORTEC-SYNTH-500-s205,4,1.0000,True,0,0,15.92,100,0,70212.8,
ORTEC-SYNTH-500-s207_dyn5e,ORTEC-SYNTH-500-s207,0,0.2000,True,0,0,16.0,100,0,61115.8,
ORTEC-SYNTH-500-s207_dyn5e,ORTEC-SYNTH-500-s207,1,0.4000,True,0,0,8.15,100,0,67411.7,
ORTEC-SYNTH-500-s207_dyn5e,ORTEC-SYNTH-500-s207,2,0.6000,True,0,0,16.2,100,0,66593.8,
ORTEC-SYNTH-500-s207_dyn5e,ORTEC-SYNTH-500-s207,3,0.8000,True,0,0,19.54,100,0,74168.4,
ORTEC-SYNTH-500-s207_dyn5e,ORTEC-SYNTH-500-s207,4,1.0000,True,0,0,17.36,100,0,60740.9,
ORTEC-SYNTH-500-s208_dyn5e,ORTEC-SYNTH-500-s208,0,0.2000,True,0,0,19.11,100,0,80307.3,
ORTEC-SYNTH-500-s208_dyn5e,ORTEC-SYNTH-500-s208,1,0.4000,True,0,0,11.98,100,0,69610.1,
ORTEC-SYNTH-500-s208_dyn5e,ORTEC-SYNTH-500-s208,2,0.6000,True,0,0,12.66,100,0,67913.8,
ORTEC-SYNTH-500-s208_dyn5e,ORTEC-SYNTH-500-s208,3,0.8000,True,0,0,22.34,100,0,70810.4,
ORTEC-SYNTH-500-s208_dyn5e,ORTEC-SYNTH-500-s208,4,1.0000,True,0,0,20.48,100,0,68526.9,
ORTEC-SYNTH-500-s210_dyn5e,ORTEC-SYNTH-500-s210,0,0.2000,True,0,0,15.21,100,0,62762.7,
ORTEC-SYNTH-500-s210_dyn5e,ORTEC-SYNTH-500-s210,1,0.4000,True,0,0,17.83,100,0,70742.2,
ORTEC-SYNTH-500-s210_dyn5e,ORTEC-SYNTH-500-s210,2,0.6000,True,0,0,18.67,100,0,67881.3,
ORTEC-SYNTH-500-s210_dyn5e,ORTEC-SYNTH-500-s210,3,0.8000,True,0,0,14.43,100,0,66367.4,
ORTEC-SYNTH-500-s210_dyn5e,ORTEC-SYNTH-500-s210,4,1.0000,True,0,0,19.83,100,0,62676.9,
ORTEC-SYNTH-500-s206_dyn5e,ORTEC-SYNTH-500-s206,0,0.2000,True,0,0,12.31,100,0,77231.2,
ORTEC-SYNTH-500-s206_dyn5e,ORTEC-SYNTH-500-s206,1,0.4000,True,0,0,15.93,100,0,71906.7,
ORTEC-SYNTH-500-s206_dyn5e,ORTEC-SYNTH-500-s206,2,0.6000,True,0,0,11.68,100,0,77513.2,
ORTEC-SYNTH-500-s206_dyn5e,ORTEC-SYNTH-500-s206,3,0.6000,False,0,0,120.25,0,100,0.0,
ORTEC-SYNTH-500-s206_dyn5e,ORTEC-SYNTH-500-s206,4,0.6000,False,0,0,120.13,0,200,0.0,
ORTEC-SYNTH-500-s211_dyn5e,ORTEC-SYNTH-500-s211,0,0.2000,True,0,0,14.1,100,0,71826.6,
ORTEC-SYNTH-500-s211_dyn5e,ORTEC-SYNTH-500-s211,1,0.4000,True,0,0,15.16,100,0,69717.6,
ORTEC-SYNTH-500-s211_dyn5e,ORTEC-SYNTH-500-s211,2,0.6000,True,0,0,19.33,100,0,64546.1,
ORTEC-SYNTH-500-s211_dyn5e,ORTEC-SYNTH-500-s211,3,0.8000,True,0,0,12.35,100,0,69785.0,
ORTEC-SYNTH-500-s211_dyn5e,ORTEC-SYNTH-500-s211,4,1.0000,True,0,0,16.54,100,0,73479.4,
ORTEC-SYNTH-300-s91_dyn5e,ORTEC-SYNTH-300-s91,0,0.0000,False,0,0,240.1,0,60,0.0,
ORTEC-SYNTH-300-s91_dyn5e,ORTEC-SYNTH-300-s91,1,0.0000,False,0,0,120.2,0,120,0.0,
ORTEC-SYNTH-300-s91_dyn5e,ORTEC-SYNTH-300-s91,2,0.0000,False,0,0,120.39,0,180,0.0,
ORTEC-SYNTH-300-s91_dyn5e,ORTEC-SYNTH-300-s91,3,0.0000,False,0,0,120.36,0,240,0.0,
ORTEC-SYNTH-300-s91_dyn5e,ORTEC-SYNTH-300-s91,4,0.0000,False,0,0,120.28,0,300,0.0,
ORTEC-SYNTH-500-s212_dyn5e,ORTEC-SYNTH-500-s212,0,0.2000,True,0,0,17.29,100,0,68340.9,
ORTEC-SYNTH-500-s212_dyn5e,ORTEC-SYNTH-500-s212,1,0.4000,True,0,0,25.06,100,0,70901.2,
ORTEC-SYNTH-500-s212_dyn5e,ORTEC-SYNTH-500-s212,2,0.6000,True,0,0,10.73,100,0,73305.4,
ORTEC-SYNTH-500-s212_dyn5e,ORTEC-SYNTH-500-s212,3,0.8000,True,0,0,20.79,100,0,68119.1,
ORTEC-SYNTH-500-s212_dyn5e,ORTEC-SYNTH-500-s212,4,1.0000,True,0,0,13.5,100,0,69838.7,
ORTEC-SYNTH-500-s213_dyn5e,ORTEC-SYNTH-500-s213,0,0.2000,True,0,0,16.63,100,0,58741.7,
ORTEC-SYNTH-500-s213_dyn5e,ORTEC-SYNTH-500-s213,1,0.4000,True,0,0,16.6,100,0,54385.2,
ORTEC-SYNTH-500-s213_dyn5e,ORTEC-SYNTH-500-s213,2,0.6000,True,0,0,16.56,100,0,64902.4,
ORTEC-SYNTH-500-s213_dyn5e,ORTEC-SYNTH-500-s213,3,0.8000,True,0,0,13.22,100,0,61186.3,
ORTEC-SYNTH-500-s213_dyn5e,ORTEC-SYNTH-500-s213,4,1.0000,True,0,0,11.72,100,0,67339.1,
ORTEC-SYNTH-500-s214_dyn5e,ORTEC-SYNTH-500-s214,0,0.2000,True,0,0,11.51,100,0,58078.3,
ORTEC-SYNTH-500-s214_dyn5e,ORTEC-SYNTH-500-s214,1,0.4000,True,0,0,19.84,100,0,52355.7,
ORTEC-SYNTH-500-s214_dyn5e,ORTEC-SYNTH-500-s214,2,0.6000,True,0,0,16.36,100,0,59515.4,
ORTEC-SYNTH-500-s214_dyn5e,ORTEC-SYNTH-500-s214,3,0.8000,True,0,0,18.17,100,0,55018.6,
ORTEC-SYNTH-500-s214_dyn5e,ORTEC-SYNTH-500-s214,4,1.0000,True,0,0,13.17,100,0,59434.9,
ORTEC-SYNTH-500-s215_dyn5e,ORTEC-SYNTH-500-s215,0,0.2000,True,0,0,14.65,100,0,84853.9,
ORTEC-SYNTH-500-s215_dyn5e,ORTEC-SYNTH-500-s215,1,0.4000,True,0,0,18.5,100,0,75764.3,
ORTEC-SYNTH-500-s215_dyn5e,ORTEC-SYNTH-500-s215,2,0.6000,True,0,0,14.77,100,0,79225.0,
ORTEC-SYNTH-500-s215_dyn5e,ORTEC-SYNTH-500-s215,3,0.8000,True,0,0,17.12,100,0,82993.5,
ORTEC-SYNTH-500-s215_dyn5e,ORTEC-SYNTH-500-s215,4,1.0000,True,0,0,15.97,100,0,86010.0,
ORTEC-SYNTH-500-s216_dyn5e,ORTEC-SYNTH-500-s216,0,0.2000,True,0,0,12.49,100,0,57425.2,
ORTEC-SYNTH-500-s216_dyn5e,ORTEC-SYNTH-500-s216,1,0.4000,True,0,0,17.72,100,0,54405.1,
ORTEC-SYNTH-500-s216_dyn5e,ORTEC-SYNTH-500-s216,2,0.6000,True,0,0,13.75,100,0,62413.7,
ORTEC-SYNTH-500-s216_dyn5e,ORTEC-SYNTH-500-s216,3,0.8000,True,0,0,13.58,100,0,56081.3,
ORTEC-SYNTH-500-s216_dyn5e,ORTEC-SYNTH-500-s216,4,1.0000,True,0,0,12.91,100,0,52424.1,
ORTEC-SYNTH-500-s217_dyn5e,ORTEC-SYNTH-500-s217,0,0.2000,True,0,0,22.23,100,0,67305.7,
ORTEC-SYNTH-500-s217_dyn5e,ORTEC-SYNTH-500-s217,1,0.4000,True,0,0,13.72,100,0,64627.6,
ORTEC-SYNTH-500-s217_dyn5e,ORTEC-SYNTH-500-s217,2,0.6000,True,0,0,18.1,100,0,65721.4,
ORTEC-SYNTH-500-s217_dyn5e,ORTEC-SYNTH-500-s217,3,0.8000,True,0,0,18.25,100,0,66227.0,
ORTEC-SYNTH-500-s217_dyn5e,ORTEC-SYNTH-500-s217,4,1.0000,True,0,0,15.77,100,0,69552.3,
ORTEC-SYNTH-500-s219_dyn5e,ORTEC-SYNTH-500-s219,0,0.2000,True,0,0,12.22,100,0,77251.7,
ORTEC-SYNTH-500-s219_dyn5e,ORTEC-SYNTH-500-s219,1,0.4000,True,0,0,16.84,100,0,73693.5,
ORTEC-SYNTH-500-s219_dyn5e,ORTEC-SYNTH-500-s219,2,0.6000,True,0,0,15.75,100,0,67912.6,
ORTEC-SYNTH-500-s219_dyn5e,ORTEC-SYNTH-500-s219,3,0.8000,True,0,0,17.64,100,0,75606.8,
ORTEC-SYNTH-500-s219_dyn5e,ORTEC-SYNTH-500-s219,4,1.0000,True,0,0,16.19,100,0,80460.4,
ORTEC-SYNTH-500-s220_dyn5e,ORTEC-SYNTH-500-s220,0,0.2000,True,0,0,14.31,100,0,63914.2,
ORTEC-SYNTH-500-s220_dyn5e,ORTEC-SYNTH-500-s220,1,0.4000,True,0,0,16.84,100,0,61023.1,
ORTEC-SYNTH-500-s220_dyn5e,ORTEC-SYNTH-500-s220,2,0.6000,True,0,0,10.59,100,0,64880.3,
ORTEC-SYNTH-500-s220_dyn5e,ORTEC-SYNTH-500-s220,3,0.8000,True,0,0,18.79,100,0,61504.1,
ORTEC-SYNTH-500-s220_dyn5e,ORTEC-SYNTH-500-s220,4,1.0000,True,0,0,12.83,100,0,60850.2,
ORTEC-SYNTH-500-s221_dyn5e,ORTEC-SYNTH-500-s221,0,0.2000,True,0,0,12.25,100,0,59520.5,
ORTEC-SYNTH-500-s221_dyn5e,ORTEC-SYNTH-500-s221,1,0.4000,True,0,0,15.07,100,0,65571.3,
ORTEC-SYNTH-500-s221_dyn5e,ORTEC-SYNTH-500-s221,2,0.6000,True,0,0,15.08,100,0,70339.0,
ORTEC-SYNTH-500-s221_dyn5e,ORTEC-SYNTH-500-s221,3,0.8000,True,0,0,12.61,100,0,64846.5,
ORTEC-SYNTH-500-s221_dyn5e,ORTEC-SYNTH-500-s221,4,1.0000,True,0,0,18.72,100,0,69773.3,
ORTEC-SYNTH-500-s218_dyn5e,ORTEC-SYNTH-500-s218,0,0.2000,True,0,0,21.14,100,0,76211.0,
ORTEC-SYNTH-500-s218_dyn5e,ORTEC-SYNTH-500-s218,1,0.4000,True,0,0,18.08,100,0,77237.0,
ORTEC-SYNTH-500-s218_dyn5e,ORTEC-SYNTH-500-s218,2,0.6000,True,0,0,13.63,100,0,72193.1,
ORTEC-SYNTH-500-s218_dyn5e,ORTEC-SYNTH-500-s218,3,0.8000,True,0,0,15.21,100,0,73788.2,
ORTEC-SYNTH-500-s218_dyn5e,ORTEC-SYNTH-500-s218,4,0.8000,False,0,0,120.22,0,100,0.0,
ORTEC-SYNTH-500-s222_dyn5e,ORTEC-SYNTH-500-s222,0,0.2000,True,0,0,17.09,100,0,73268.0,
ORTEC-SYNTH-500-s222_dyn5e,ORTEC-SYNTH-500-s222,1,0.4000,True,0,0,16.84,100,0,77151.5,
ORTEC-SYNTH-500-s222_dyn5e,ORTEC-SYNTH-500-s222,2,0.6000,True,0,0,12.99,100,0,75830.0,
ORTEC-SYNTH-500-s222_dyn5e,ORTEC-SYNTH-500-s222,3,0.8000,True,0,0,15.37,100,0,79152.6,
ORTEC-SYNTH-500-s222_dyn5e,ORTEC-SYNTH-500-s222,4,1.0000,True,0,0,26.89,100,0,81762.5,
ORTEC-SYNTH-500-s223_dyn5e,ORTEC-SYNTH-500-s223,0,0.2000,True,0,0,19.03,100,0,50219.5,
ORTEC-SYNTH-500-s223_dyn5e,ORTEC-SYNTH-500-s223,1,0.4000,True,0,0,11.44,100,0,49303.2,
ORTEC-SYNTH-500-s223_dyn5e,ORTEC-SYNTH-500-s223,2,0.6000,True,0,0,15.64,100,0,51833.2,
ORTEC-SYNTH-500-s223_dyn5e,ORTEC-SYNTH-500-s223,3,0.8000,True,0,0,15.38,100,0,53799.0,
ORTEC-SYNTH-500-s223_dyn5e,ORTEC-SYNTH-500-s223,4,1.0000,True,0,0,17.73,100,0,54131.1,
ORTEC-SYNTH-500-s224_dyn5e,ORTEC-SYNTH-500-s224,0,0.2000,True,0,0,20.46,100,0,65749.9,
ORTEC-SYNTH-500-s224_dyn5e,ORTEC-SYNTH-500-s224,1,0.4000,True,0,0,15.87,100,0,61571.6,
ORTEC-SYNTH-500-s224_dyn5e,ORTEC-SYNTH-500-s224,2,0.6000,True,0,0,12.56,100,0,59686.9,
ORTEC-SYNTH-500-s224_dyn5e,ORTEC-SYNTH-500-s224,3,0.8000,True,0,0,13.63,100,0,69349.5,
ORTEC-SYNTH-500-s224_dyn5e,ORTEC-SYNTH-500-s224,4,1.0000,True,0,0,16.92,100,0,68899.6,
ORTEC-SYNTH-500-s225_dyn5e,ORTEC-SYNTH-500-s225,0,0.2000,True,0,0,24.8,100,0,81071.9,
ORTEC-SYNTH-500-s225_dyn5e,ORTEC-SYNTH-500-s225,1,0.4000,True,0,0,14.95,100,0,66743.8,
ORTEC-SYNTH-500-s225_dyn5e,ORTEC-SYNTH-500-s225,2,0.6000,True,0,0,12.95,100,0,75543.2,
ORTEC-SYNTH-500-s225_dyn5e,ORTEC-SYNTH-500-s225,3,0.8000,True,0,0,13.39,100,0,74161.6,
ORTEC-SYNTH-500-s225_dyn5e,ORTEC-SYNTH-500-s225,4,1.0000,True,0,0,19.11,100,0,72137.8,
ORTEC-SYNTH-500-s226_dyn5e,ORTEC-SYNTH-500-s226,0,0.2000,True,0,0,12.9,100,0,58553.7,
ORTEC-SYNTH-500-s226_dyn5e,ORTEC-SYNTH-500-s226,1,0.4000,True,0,0,20.75,100,0,63250.4,
ORTEC-SYNTH-500-s226_dyn5e,ORTEC-SYNTH-500-s226,2,0.6000,True,0,0,16.0,100,0,60024.0,
ORTEC-SYNTH-500-s226_dyn5e,ORTEC-SYNTH-500-s226,3,0.8000,True,0,0,18.33,100,0,63292.2,
ORTEC-SYNTH-500-s226_dyn5e,ORTEC-SYNTH-500-s226,4,1.0000,True,0,0,12.52,100,0,58636.1,
ORTEC-SYNTH-500-s227_dyn5e,ORTEC-SYNTH-500-s227,0,0.2000,True,0,0,15.76,100,0,69152.9,
ORTEC-SYNTH-500-s227_dyn5e,ORTEC-SYNTH-500-s227,1,0.4000,True,0,0,16.21,100,0,62716.2,
ORTEC-SYNTH-500-s227_dyn5e,ORTEC-SYNTH-500-s227,2,0.6000,True,0,0,12.45,100,0,65958.2,
ORTEC-SYNTH-500-s227_dyn5e,ORTEC-SYNTH-500-s227,3,0.8000,True,0,0,20.41,100,0,64574.0,
ORTEC-SYNTH-500-s227_dyn5e,ORTEC-SYNTH-500-s227,4,1.0000,True,0,0,14.4,100,0,73830.8,
ORTEC-SYNTH-500-s209_dyn5e,ORTEC-SYNTH-500-s209,0,0.0000,False,0,0,240.13,0,100,0.0,
ORTEC-SYNTH-500-s209_dyn5e,ORTEC-SYNTH-500-s209,1,0.0000,False,0,0,120.18,0,200,0.0,
ORTEC-SYNTH-500-s209_dyn5e,ORTEC-SYNTH-500-s209,2,0.0000,False,0,0,120.29,0,300,0.0,
ORTEC-SYNTH-500-s209_dyn5e,ORTEC-SYNTH-500-s209,3,0.0000,False,0,0,120.52,0,400,0.0,
ORTEC-SYNTH-500-s209_dyn5e,ORTEC-SYNTH-500-s209,4,0.0000,False,0,0,120.63,0,500,0.0,
ORTEC-SYNTH-500-s228_dyn5e,ORTEC-SYNTH-500-s228,0,0.2000,True,0,0,17.81,100,0,75146.2,
ORTEC-SYNTH-500-s228_dyn5e,ORTEC-SYNTH-500-s228,1,0.4000,True,0,0,11.95,100,0,76203.5,
ORTEC-SYNTH-500-s228_dyn5e,ORTEC-SYNTH-500-s228,2,0.6000,True,0,0,14.75,100,0,69559.2,
ORTEC-SYNTH-500-s228_dyn5e,ORTEC-SYNTH-500-s228,3,0.8000,True,0,0,15.49,100,0,71719.5,
ORTEC-SYNTH-500-s228_dyn5e,ORTEC-SYNTH-500-s228,4,1.0000,True,0,0,17.82,100,0,73416.7,
ORTEC-SYNTH-500-s229_dyn5e,ORTEC-SYNTH-500-s229,0,0.2000,True,0,0,19.22,100,0,52952.5,
ORTEC-SYNTH-500-s229_dyn5e,ORTEC-SYNTH-500-s229,1,0.4000,True,0,0,17.0,100,0,59285.5,
ORTEC-SYNTH-500-s229_dyn5e,ORTEC-SYNTH-500-s229,2,0.6000,True,0,0,19.36,100,0,62998.1,
ORTEC-SYNTH-500-s229_dyn5e,ORTEC-SYNTH-500-s229,3,0.8000,True,0,0,14.54,100,0,58500.3,
ORTEC-SYNTH-500-s229_dyn5e,ORTEC-SYNTH-500-s229,4,1.0000,True,0,0,8.24,100,0,65127.6,
ORTEC-SYNTH-500-s230_dyn5e,ORTEC-SYNTH-500-s230,0,0.2000,True,0,0,16.23,100,0,66066.9,
ORTEC-SYNTH-500-s230_dyn5e,ORTEC-SYNTH-500-s230,1,0.4000,True,0,0,13.94,100,0,67604.3,
ORTEC-SYNTH-500-s230_dyn5e,ORTEC-SYNTH-500-s230,2,0.6000,True,0,0,15.71,100,0,59802.7,
ORTEC-SYNTH-500-s230_dyn5e,ORTEC-SYNTH-500-s230,3,0.8000,True,0,0,19.12,100,0,68028.0,
ORTEC-SYNTH-500-s230_dyn5e,ORTEC-SYNTH-500-s230,4,1.0000,True,0,0,16.64,100,0,64080.4,
ORTEC-SYNTH-500-s231_dyn5e,ORTEC-SYNTH-500-s231,0,0.2000,True,0,0,16.2,100,0,68517.9,
ORTEC-SYNTH-500-s231_dyn5e,ORTEC-SYNTH-500-s231,1,0.4000,True,0,0,15.33,100,0,76881.8,
ORTEC-SYNTH-500-s231_dyn5e,ORTEC-SYNTH-500-s231,2,0.6000,True,0,0,14.03,100,0,63732.6,
ORTEC-SYNTH-500-s231_dyn5e,ORTEC-SYNTH-500-s231,3,0.8000,True,0,0,17.49,100,0,64631.3,
ORTEC-SYNTH-500-s231_dyn5e,ORTEC-SYNTH-500-s231,4,1.0000,True,0,0,17.32,100,0,67395.0,
ORTEC-SYNTH-500-s233_dyn5e,ORTEC-SYNTH-500-s233,0,0.2000,True,0,0,15.52,100,0,59876.4,
ORTEC-SYNTH-500-s233_dyn5e,ORTEC-SYNTH-500-s233,1,0.4000,True,0,0,13.23,100,0,62129.3,
ORTEC-SYNTH-500-s233_dyn5e,ORTEC-SYNTH-500-s233,2,0.6000,True,0,0,12.17,100,0,57952.4,
ORTEC-SYNTH-500-s233_dyn5e,ORTEC-SYNTH-500-s233,3,0.8000,True,0,0,17.16,100,0,57623.9,
ORTEC-SYNTH-500-s233_dyn5e,ORTEC-SYNTH-500-s233,4,1.0000,True,0,0,10.43,100,0,67777.3,
ORTEC-SYNTH-500-s232_dyn5e,ORTEC-SYNTH-500-s232,0,0.2000,True,0,0,19.99,100,0,71585.7,
ORTEC-SYNTH-500-s232_dyn5e,ORTEC-SYNTH-500-s232,1,0.4000,True,0,0,15.65,100,0,68328.8,
ORTEC-SYNTH-500-s232_dyn5e,ORTEC-SYNTH-500-s232,2,0.6000,True,0,0,15.41,100,0,68370.8,
ORTEC-SYNTH-500-s232_dyn5e,ORTEC-SYNTH-500-s232,3,0.8000,True,0,0,20.2,100,0,69466.2,
ORTEC-SYNTH-500-s232_dyn5e,ORTEC-SYNTH-500-s232,4,1.0000,True,0,0,19.01,100,0,71344.9,
ORTEC-SYNTH-500-s234_dyn5e,ORTEC-SYNTH-500-s234,0,0.2000,True,0,0,16.63,100,0,63345.9,
ORTEC-SYNTH-500-s234_dyn5e,ORTEC-SYNTH-500-s234,1,0.4000,True,0,0,19.37,100,0,68671.2,
ORTEC-SYNTH-500-s234_dyn5e,ORTEC-SYNTH-500-s234,2,0.6000,True,0,0,11.92,100,0,66211.0,
ORTEC-SYNTH-500-s234_dyn5e,ORTEC-SYNTH-500-s234,3,0.8000,True,0,0,15.08,100,0,65842.2,
ORTEC-SYNTH-500-s234_dyn5e,ORTEC-SYNTH-500-s234,4,1.0000,True,0,0,15.25,100,0,74436.2,
ORTEC-SYNTH-500-s235_dyn5e,ORTEC-SYNTH-500-s235,0,0.2000,True,0,0,18.53,100,0,77184.5,
ORTEC-SYNTH-500-s235_dyn5e,ORTEC-SYNTH-500-s235,1,0.4000,True,0,0,12.13,100,0,75521.5,
ORTEC-SYNTH-500-s235_dyn5e,ORTEC-SYNTH-500-s235,2,0.6000,True,0,0,18.69,100,0,72887.8,
ORTEC-SYNTH-500-s235_dyn5e,ORTEC-SYNTH-500-s235,3,0.8000,True,0,0,19.86,100,0,71466.6,
ORTEC-SYNTH-500-s235_dyn5e,ORTEC-SYNTH-500-s235,4,1.0000,True,0,0,20.51,100,0,71995.6,
ORTEC-SYNTH-500-s236_dyn5e,ORTEC-SYNTH-500-s236,0,0.2000,True,0,0,21.01,100,0,69240.6,
ORTEC-SYNTH-500-s236_dyn5e,ORTEC-SYNTH-500-s236,1,0.4000,True,0,0,11.34,100,0,66324.6,
ORTEC-SYNTH-500-s236_dyn5e,ORTEC-SYNTH-500-s236,2,0.6000,True,0,0,16.19,100,0,77888.8,
ORTEC-SYNTH-500-s236_dyn5e,ORTEC-SYNTH-500-s236,3,0.8000,True,0,0,13.51,100,0,63722.5,
ORTEC-SYNTH-500-s236_dyn5e,ORTEC-SYNTH-500-s236,4,1.0000,True,0,0,18.4,100,0,60221.5,
ORTEC-SYNTH-500-s237_dyn5e,ORTEC-SYNTH-500-s237,0,0.2000,True,0,0,14.39,100,0,78678.2,
ORTEC-SYNTH-500-s237_dyn5e,ORTEC-SYNTH-500-s237,1,0.4000,True,0,0,15.37,100,0,76490.2,
ORTEC-SYNTH-500-s237_dyn5e,ORTEC-SYNTH-500-s237,2,0.6000,True,0,0,18.22,100,0,68781.5,
ORTEC-SYNTH-500-s237_dyn5e,ORTEC-SYNTH-500-s237,3,0.8000,True,0,0,16.57,100,0,73150.5,
ORTEC-SYNTH-500-s237_dyn5e,ORTEC-SYNTH-500-s237,4,1.0000,True,0,0,12.05,100,0,74792.4,
ORTEC-SYNTH-500-s239_dyn5e,ORTEC-SYNTH-500-s239,0,0.2000,True,0,0,13.75,100,0,74265.7,
ORTEC-SYNTH-500-s239_dyn5e,ORTEC-SYNTH-500-s239,1,0.4000,True,0,0,17.61,100,0,69620.7,
ORTEC-SYNTH-500-s239_dyn5e,ORTEC-SYNTH-500-s239,2,0.6000,True,0,0,14.15,100,0,78769.1,
ORTEC-SYNTH-500-s239_dyn5e,ORTEC-SYNTH-500-s239,3,0.8000,True,0,0,18.7,100,0,76004.7,
ORTEC-SYNTH-500-s239_dyn5e,ORTEC-SYNTH-500-s239,4,1.0000,True,0,0,15.56,100,0,64302.2,
ORTEC-SYNTH-500-s240_dyn5e,ORTEC-SYNTH-500-s240,0,0.2000,True,0,0,12.55,100,0,67972.9,
ORTEC-SYNTH-500-s240_dyn5e,ORTEC-SYNTH-500-s240,1,0.4000,True,0,0,13.66,100,0,79712.3,
ORTEC-SYNTH-500-s240_dyn5e,ORTEC-SYNTH-500-s240,2,0.6000,True,0,0,12.91,100,0,76861.5,
ORTEC-SYNTH-500-s240_dyn5e,ORTEC-SYNTH-500-s240,3,0.8000,True,0,0,15.59,100,0,73525.4,
ORTEC-SYNTH-500-s240_dyn5e,ORTEC-SYNTH-500-s240,4,1.0000,True,0,0,13.84,100,0,77529.5,
ORTEC-SYNTH-500-s241_dyn5e,ORTEC-SYNTH-500-s241,0,0.2000,True,0,0,18.11,100,0,63058.7,
ORTEC-SYNTH-500-s241_dyn5e,ORTEC-SYNTH-500-s241,1,0.4000,True,0,0,17.23,100,0,63561.9,
ORTEC-SYNTH-500-s241_dyn5e,ORTEC-SYNTH-500-s241,2,0.6000,True,0,0,20.11,100,0,65609.6,
ORTEC-SYNTH-500-s241_dyn5e,ORTEC-SYNTH-500-s241,3,0.8000,True,0,0,20.53,100,0,60132.4,
ORTEC-SYNTH-500-s241_dyn5e,ORTEC-SYNTH-500-s241,4,1.0000,True,0,0,15.54,100,0,68950.8,
ORTEC-SYNTH-500-s242_dyn5e,ORTEC-SYNTH-500-s242,0,0.2000,True,0,0,14.04,100,0,58351.4,
ORTEC-SYNTH-500-s242_dyn5e,ORTEC-SYNTH-500-s242,1,0.4000,True,0,0,11.54,100,0,60219.5,
ORTEC-SYNTH-500-s242_dyn5e,ORTEC-SYNTH-500-s242,2,0.6000,True,0,0,18.98,100,0,66633.5,
ORTEC-SYNTH-500-s242_dyn5e,ORTEC-SYNTH-500-s242,3,0.8000,True,0,0,16.58,100,0,68629.4,
ORTEC-SYNTH-500-s242_dyn5e,ORTEC-SYNTH-500-s242,4,1.0000,True,0,0,12.68,100,0,63236.6,
ORTEC-SYNTH-500-s238_dyn5e,ORTEC-SYNTH-500-s238,0,0.2000,True,0,0,14.89,100,0,81627.5,
ORTEC-SYNTH-500-s238_dyn5e,ORTEC-SYNTH-500-s238,1,0.4000,True,0,0,18.14,100,0,82999.0,
ORTEC-SYNTH-500-s238_dyn5e,ORTEC-SYNTH-500-s238,2,0.6000,True,0,0,13.25,100,0,83682.4,
ORTEC-SYNTH-500-s238_dyn5e,ORTEC-SYNTH-500-s238,3,0.8000,True,0,0,14.08,100,0,81076.7,
ORTEC-SYNTH-500-s238_dyn5e,ORTEC-SYNTH-500-s238,4,0.8000,False,0,0,120.18,0,100,0.0,
ORTEC-SYNTH-500-s243_dyn5e,ORTEC-SYNTH-500-s243,0,0.2000,True,0,0,21.06,100,0,54125.0,
ORTEC-SYNTH-500-s243_dyn5e,ORTEC-SYNTH-500-s243,1,0.4000,True,0,0,18.93,100,0,57507.2,
ORTEC-SYNTH-500-s243_dyn5e,ORTEC-SYNTH-500-s243,2,0.6000,True,0,0,15.04,100,0,63077.7,
ORTEC-SYNTH-500-s243_dyn5e,ORTEC-SYNTH-500-s243,3,0.8000,True,0,0,11.4,100,0,60592.6,
ORTEC-SYNTH-500-s243_dyn5e,ORTEC-SYNTH-500-s243,4,1.0000,True,0,0,16.14,100,0,63598.6,
ORTEC-SYNTH-500-s244_dyn5e,ORTEC-SYNTH-500-s244,0,0.2000,True,0,0,13.81,100,0,66030.8,
ORTEC-SYNTH-500-s244_dyn5e,ORTEC-SYNTH-500-s244,1,0.4000,True,0,0,16.42,100,0,73070.4,
ORTEC-SYNTH-500-s244_dyn5e,ORTEC-SYNTH-500-s244,2,0.6000,True,0,0,25.87,100,0,71261.7,
ORTEC-SYNTH-500-s244_dyn5e,ORTEC-SYNTH-500-s244,3,0.8000,True,0,0,22.83,100,0,61189.9,
ORTEC-SYNTH-500-s244_dyn5e,ORTEC-SYNTH-500-s244,4,1.0000,True,0,0,14.59,100,0,69237.0,
ORTEC-SYNTH-500-s245_dyn5e,ORTEC-SYNTH-500-s245,0,0.2000,True,0,0,17.29,100,0,74121.1,
ORTEC-SYNTH-500-s245_dyn5e,ORTEC-SYNTH-500-s245,1,0.4000,True,0,0,15.0,100,0,73207.8,
ORTEC-SYNTH-500-s245_dyn5e,ORTEC-SYNTH-500-s245,2,0.6000,True,0,0,22.13,100,0,63329.8,
ORTEC-SYNTH-500-s245_dyn5e,ORTEC-SYNTH-500-s245,3,0.8000,True,0,0,17.52,100,0,72974.1,
ORTEC-SYNTH-500-s245_dyn5e,ORTEC-SYNTH-500-s245,4,1.0000,True,0,0,17.22,100,0,69588.9,
ORTEC-SYNTH-500-s246_dyn5e,ORTEC-SYNTH-500-s246,0,0.2000,True,0,0,19.99,100,0,65619.9,
ORTEC-SYNTH-500-s246_dyn5e,ORTEC-SYNTH-500-s246,1,0.4000,True,0,0,17.11,100,0,61245.7,
ORTEC-SYNTH-500-s246_dyn5e,ORTEC-SYNTH-500-s246,2,0.6000,True,0,0,11.54,100,0,67638.8,
ORTEC-SYNTH-500-s246_dyn5e,ORTEC-SYNTH-500-s246,3,0.8000,True,0,0,19.83,100,0,65396.0,
ORTEC-SYNTH-500-s246_dyn5e,ORTEC-SYNTH-500-s246,4,1.0000,True,0,0,14.34,100,0,55923.4,
ORTEC-SYNTH-500-s247_dyn5e,ORTEC-SYNTH-500-s247,0,0.2000,True,0,0,18.55,100,0,64146.4,
ORTEC-SYNTH-500-s247_dyn5e,ORTEC-SYNTH-500-s247,1,0.4000,True,0,0,16.22,100,0,74281.6,
ORTEC-SYNTH-500-s247_dyn5e,ORTEC-SYNTH-500-s247,2,0.6000,True,0,0,19.1,100,0,77209.6,
ORTEC-SYNTH-500-s247_dyn5e,ORTEC-SYNTH-500-s247,3,0.8000,True,0,0,25.29,100,0,67607.8,
ORTEC-SYNTH-500-s247_dyn5e,ORTEC-SYNTH-500-s247,4,1.0000,True,0,0,23.18,100,0,72105.2,
ORTEC-SYNTH-500-s248_dyn5e,ORTEC-SYNTH-500-s248,0,0.2000,True,0,0,20.81,100,0,63377.5,
ORTEC-SYNTH-500-s248_dyn5e,ORTEC-SYNTH-500-s248,1,0.4000,True,0,0,22.01,100,0,61702.5,
ORTEC-SYNTH-500-s248_dyn5e,ORTEC-SYNTH-500-s248,2,0.6000,True,0,0,18.81,100,0,62460.0,
ORTEC-SYNTH-500-s248_dyn5e,ORTEC-SYNTH-500-s248,3,0.8000,True,0,0,13.32,100,0,58690.3,
ORTEC-SYNTH-500-s248_dyn5e,ORTEC-SYNTH-500-s248,4,1.0000,True,0,0,21.49,100,0,56338.5,
ORTEC-SYNTH-500-s249_dyn5e,ORTEC-SYNTH-500-s249,0,0.2000,True,0,0,25.69,100,0,61851.9,
ORTEC-SYNTH-500-s249_dyn5e,ORTEC-SYNTH-500-s249,1,0.4000,True,0,0,18.12,100,0,70403.4,
ORTEC-SYNTH-500-s249_dyn5e,ORTEC-SYNTH-500-s249,2,0.6000,True,0,0,16.63,100,0,62339.9,
ORTEC-SYNTH-500-s249_dyn5e,ORTEC-SYNTH-500-s249,3,0.8000,True,0,0,13.29,100,0,54763.2,
ORTEC-SYNTH-500-s249_dyn5e,ORTEC-SYNTH-500-s249,4,1.0000,True,0,0,15.88,100,0,65645.5,
ORTEC-SYNTH-500-s251_dyn5e,ORTEC-SYNTH-500-s251,0,0.2000,True,0,0,19.34,100,0,49236.8,
ORTEC-SYNTH-500-s251_dyn5e,ORTEC-SYNTH-500-s251,1,0.4000,True,0,0,17.94,100,0,46891.6,
ORTEC-SYNTH-500-s251_dyn5e,ORTEC-SYNTH-500-s251,2,0.6000,True,0,0,15.87,100,0,53138.2,
ORTEC-SYNTH-500-s251_dyn5e,ORTEC-SYNTH-500-s251,3,0.8000,True,0,0,20.82,100,0,47672.4,
ORTEC-SYNTH-500-s251_dyn5e,ORTEC-SYNTH-500-s251,4,1.0000,True,0,0,16.58,100,0,53431.8,
ORTEC-SYNTH-500-s253_dyn5e,ORTEC-SYNTH-500-s253,0,0.2000,True,0,0,14.21,100,0,63766.2,
ORTEC-SYNTH-500-s253_dyn5e,ORTEC-SYNTH-500-s253,1,0.4000,True,0,0,20.95,100,0,77812.7,
ORTEC-SYNTH-500-s253_dyn5e,ORTEC-SYNTH-500-s253,2,0.6000,True,0,0,14.82,100,0,67150.7,
ORTEC-SYNTH-500-s253_dyn5e,ORTEC-SYNTH-500-s253,3,0.8000,True,0,0,18.33,100,0,76072.5,
ORTEC-SYNTH-500-s253_dyn5e,ORTEC-SYNTH-500-s253,4,1.0000,True,0,0,18.45,100,0,68804.3,
ORTEC-SYNTH-500-s254_dyn5e,ORTEC-SYNTH-500-s254,0,0.2000,True,0,0,16.66,100,0,60015.8,
ORTEC-SYNTH-500-s254_dyn5e,ORTEC-SYNTH-500-s254,1,0.4000,True,0,0,22.91,100,0,68088.0,
ORTEC-SYNTH-500-s254_dyn5e,ORTEC-SYNTH-500-s254,2,0.6000,True,0,0,18.51,100,0,65345.2,
ORTEC-SYNTH-500-s254_dyn5e,ORTEC-SYNTH-500-s254,3,0.8000,True,0,0,12.32,100,0,68102.6,
ORTEC-SYNTH-500-s254_dyn5e,ORTEC-SYNTH-500-s254,4,1.0000,True,0,0,15.7,100,0,61653.2,
ORTEC-SYNTH-500-s256_dyn5e,ORTEC-SYNTH-500-s256,0,0.2000,True,0,0,18.65,100,0,62389.2,
ORTEC-SYNTH-500-s256_dyn5e,ORTEC-SYNTH-500-s256,1,0.4000,True,0,0,17.87,100,0,69934.7,
ORTEC-SYNTH-500-s256_dyn5e,ORTEC-SYNTH-500-s256,2,0.6000,True,0,0,13.77,100,0,73935.4,
ORTEC-SYNTH-500-s256_dyn5e,ORTEC-SYNTH-500-s256,3,0.8000,True,0,0,21.44,100,0,58881.9,
ORTEC-SYNTH-500-s256_dyn5e,ORTEC-SYNTH-500-s256,4,1.0000,True,0,0,12.78,100,0,68171.7,
ORTEC-SYNTH-500-s257_dyn5e,ORTEC-SYNTH-500-s257,0,0.2000,True,0,0,13.87,100,0,65607.0,
ORTEC-SYNTH-500-s257_dyn5e,ORTEC-SYNTH-500-s257,1,0.4000,True,0,0,14.77,100,0,73473.3,
ORTEC-SYNTH-500-s257_dyn5e,ORTEC-SYNTH-500-s257,2,0.6000,True,0,0,15.26,100,0,71030.0,
ORTEC-SYNTH-500-s257_dyn5e,ORTEC-SYNTH-500-s257,3,0.8000,True,0,0,17.2,100,0,68223.5,
ORTEC-SYNTH-500-s257_dyn5e,ORTEC-SYNTH-500-s257,4,1.0000,True,0,0,21.25,100,0,66192.3,
ORTEC-SYNTH-500-s252_dyn5e,ORTEC-SYNTH-500-s252,0,0.2000,True,0,0,12.71,100,0,68643.0,
ORTEC-SYNTH-500-s252_dyn5e,ORTEC-SYNTH-500-s252,1,0.4000,True,0,0,21.68,100,0,64723.2,
ORTEC-SYNTH-500-s252_dyn5e,ORTEC-SYNTH-500-s252,2,0.4000,False,0,0,120.04,0,100,0.0,
ORTEC-SYNTH-500-s252_dyn5e,ORTEC-SYNTH-500-s252,3,0.4000,False,0,0,120.29,0,200,0.0,
ORTEC-SYNTH-500-s252_dyn5e,ORTEC-SYNTH-500-s252,4,0.4000,False,0,0,120.33,0,300,0.0,
ORTEC-SYNTH-500-s258_dyn5e,ORTEC-SYNTH-500-s258,0,0.2000,True,0,0,17.69,100,0,74533.8,
ORTEC-SYNTH-500-s258_dyn5e,ORTEC-SYNTH-500-s258,1,0.4000,True,0,0,18.29,100,0,74556.1,
ORTEC-SYNTH-500-s258_dyn5e,ORTEC-SYNTH-500-s258,2,0.6000,True,0,0,15.31,100,0,77026.8,
ORTEC-SYNTH-500-s258_dyn5e,ORTEC-SYNTH-500-s258,3,0.8000,True,0,0,17.13,100,0,73480.0,
ORTEC-SYNTH-500-s258_dyn5e,ORTEC-SYNTH-500-s258,4,1.0000,True,0,0,16.13,100,0,76003.4,
ORTEC-SYNTH-500-s259_dyn5e,ORTEC-SYNTH-500-s259,0,0.2000,True,0,0,19.11,100,0,65267.8,
ORTEC-SYNTH-500-s259_dyn5e,ORTEC-SYNTH-500-s259,1,0.4000,True,0,0,16.39,100,0,76232.7,
ORTEC-SYNTH-500-s259_dyn5e,ORTEC-SYNTH-500-s259,2,0.6000,True,0,0,19.85,100,0,65116.9,
ORTEC-SYNTH-500-s259_dyn5e,ORTEC-SYNTH-500-s259,3,0.8000,True,0,0,15.27,100,0,70868.4,
ORTEC-SYNTH-500-s259_dyn5e,ORTEC-SYNTH-500-s259,4,1.0000,True,0,0,14.37,100,0,67889.2,
ORTEC-SYNTH-500-s260_dyn5e,ORTEC-SYNTH-500-s260,0,0.2000,True,0,0,20.79,100,0,63399.1,
ORTEC-SYNTH-500-s260_dyn5e,ORTEC-SYNTH-500-s260,1,0.4000,True,0,0,22.49,100,0,65408.5,
ORTEC-SYNTH-500-s260_dyn5e,ORTEC-SYNTH-500-s260,2,0.6000,True,0,0,17.37,100,0,55620.8,
ORTEC-SYNTH-500-s260_dyn5e,ORTEC-SYNTH-500-s260,3,0.8000,True,0,0,17.32,100,0,59541.4,
ORTEC-SYNTH-500-s260_dyn5e,ORTEC-SYNTH-500-s260,4,1.0000,True,0,0,20.69,100,0,64242.3,
ORTEC-SYNTH-500-s255_dyn5e,ORTEC-SYNTH-500-s255,0,0.2000,True,0,0,19.72,100,0,79082.3,
ORTEC-SYNTH-500-s255_dyn5e,ORTEC-SYNTH-500-s255,1,0.4000,True,0,0,14.08,100,0,70528.3,
ORTEC-SYNTH-500-s255_dyn5e,ORTEC-SYNTH-500-s255,2,0.4000,False,0,0,120.45,0,100,0.0,
ORTEC-SYNTH-500-s255_dyn5e,ORTEC-SYNTH-500-s255,3,0.4000,False,0,0,120.12,0,200,0.0,
ORTEC-SYNTH-500-s255_dyn5e,ORTEC-SYNTH-500-s255,4,0.4000,False,0,0,120.33,0,300,0.0,
ORTEC-SYNTH-500-s261_dyn5e,ORTEC-SYNTH-500-s261,0,0.2000,True,0,0,13.89,100,0,79357.9,
ORTEC-SYNTH-500-s261_dyn5e,ORTEC-SYNTH-500-s261,1,0.4000,True,0,0,14.29,100,0,79599.2,
ORTEC-SYNTH-500-s261_dyn5e,ORTEC-SYNTH-500-s261,2,0.6000,True,0,0,23.88,100,0,76977.8,
ORTEC-SYNTH-500-s261_dyn5e,ORTEC-SYNTH-500-s261,3,0.8000,True,0,0,17.59,100,0,81657.2,
ORTEC-SYNTH-500-s261_dyn5e,ORTEC-SYNTH-500-s261,4,1.0000,True,0,0,17.76,100,0,79972.6,
ORTEC-SYNTH-500-s262_dyn5e,ORTEC-SYNTH-500-s262,0,0.2000,True,0,0,16.78,100,0,57497.9,
ORTEC-SYNTH-500-s262_dyn5e,ORTEC-SYNTH-500-s262,1,0.4000,True,0,0,14.86,100,0,53238.3,
ORTEC-SYNTH-500-s262_dyn5e,ORTEC-SYNTH-500-s262,2,0.6000,True,0,0,15.75,100,0,49403.8,
ORTEC-SYNTH-500-s262_dyn5e,ORTEC-SYNTH-500-s262,3,0.8000,True,0,0,14.67,100,0,55579.5,
ORTEC-SYNTH-500-s262_dyn5e,ORTEC-SYNTH-500-s262,4,1.0000,True,0,0,12.76,100,0,49377.5,
ORTEC-SYNTH-500-s263_dyn5e,ORTEC-SYNTH-500-s263,0,0.2000,True,0,0,17.15,100,0,62634.5,
ORTEC-SYNTH-500-s263_dyn5e,ORTEC-SYNTH-500-s263,1,0.4000,True,0,0,16.73,100,0,63901.2,
ORTEC-SYNTH-500-s263_dyn5e,ORTEC-SYNTH-500-s263,2,0.6000,True,0,0,16.18,100,0,67003.9,
ORTEC-SYNTH-500-s263_dyn5e,ORTEC-SYNTH-500-s263,3,0.8000,True,0,0,21.91,100,0,69030.6,
ORTEC-SYNTH-500-s263_dyn5e,ORTEC-SYNTH-500-s263,4,1.0000,True,0,0,19.78,100,0,70471.8,
ORTEC-SYNTH-500-s250_dyn5e,ORTEC-SYNTH-500-s250,0,0.0000,False,0,0,240.12,0,100,0.0,
ORTEC-SYNTH-500-s250_dyn5e,ORTEC-SYNTH-500-s250,1,0.0000,False,0,0,120.82,0,200,0.0,
ORTEC-SYNTH-500-s250_dyn5e,ORTEC-SYNTH-500-s250,2,0.0000,False,0,0,120.43,0,300,0.0,
ORTEC-SYNTH-500-s250_dyn5e,ORTEC-SYNTH-500-s250,3,0.0000,False,0,0,120.38,0,400,0.0,
ORTEC-SYNTH-500-s250_dyn5e,ORTEC-SYNTH-500-s250,4,0.0000,False,0,0,120.44,0,500,0.0,
ORTEC-SYNTH-500-s264_dyn5e,ORTEC-SYNTH-500-s264,0,0.2000,True,0,0,21.76,100,0,64540.5,
ORTEC-SYNTH-500-s264_dyn5e,ORTEC-SYNTH-500-s264,1,0.4000,True,0,0,17.37,100,0,54367.9,
ORTEC-SYNTH-500-s264_dyn5e,ORTEC-SYNTH-500-s264,2,0.6000,True,0,0,14.32,100,0,59983.4,
ORTEC-SYNTH-500-s264_dyn5e,ORTEC-SYNTH-500-s264,3,0.8000,True,0,0,17.44,100,0,62674.8,
ORTEC-SYNTH-500-s264_dyn5e,ORTEC-SYNTH-500-s264,4,1.0000,True,0,0,17.83,100,0,59058.8,
ORTEC-SYNTH-500-s265_dyn5e,ORTEC-SYNTH-500-s265,0,0.2000,True,0,0,17.86,100,0,62866.5,
ORTEC-SYNTH-500-s265_dyn5e,ORTEC-SYNTH-500-s265,1,0.4000,True,0,0,17.54,100,0,54879.8,
ORTEC-SYNTH-500-s265_dyn5e,ORTEC-SYNTH-500-s265,2,0.6000,True,0,0,19.25,100,0,56898.4,
ORTEC-SYNTH-500-s265_dyn5e,ORTEC-SYNTH-500-s265,3,0.8000,True,0,0,18.15,100,0,64464.0,
ORTEC-SYNTH-500-s265_dyn5e,ORTEC-SYNTH-500-s265,4,1.0000,True,0,0,17.18,100,0,54684.7,
ORTEC-SYNTH-500-s266_dyn5e,ORTEC-SYNTH-500-s266,0,0.2000,True,0,0,16.68,100,0,71701.3,
ORTEC-SYNTH-500-s266_dyn5e,ORTEC-SYNTH-500-s266,1,0.4000,True,0,0,25.63,100,0,65955.5,
ORTEC-SYNTH-500-s266_dyn5e,ORTEC-SYNTH-500-s266,2,0.6000,True,0,0,10.37,100,0,68603.9,
ORTEC-SYNTH-500-s266_dyn5e,ORTEC-SYNTH-500-s266,3,0.8000,True,0,0,18.77,100,0,56905.4,
ORTEC-SYNTH-500-s266_dyn5e,ORTEC-SYNTH-500-s266,4,1.0000,True,0,0,16.01,100,0,56341.2,
ORTEC-SYNTH-500-s268_dyn5e,ORTEC-SYNTH-500-s268,0,0.2000,True,0,0,16.65,100,0,63216.6,
ORTEC-SYNTH-500-s268_dyn5e,ORTEC-SYNTH-500-s268,1,0.4000,True,0,0,16.87,100,0,60945.8,
ORTEC-SYNTH-500-s268_dyn5e,ORTEC-SYNTH-500-s268,2,0.6000,True,0,0,13.78,100,0,62526.5,
ORTEC-SYNTH-500-s268_dyn5e,ORTEC-SYNTH-500-s268,3,0.8000,True,0,0,15.25,100,0,67671.3,
ORTEC-SYNTH-500-s268_dyn5e,ORTEC-SYNTH-500-s268,4,1.0000,True,0,0,14.02,100,0,58148.6,
ORTEC-SYNTH-500-s267_dyn5e,ORTEC-SYNTH-500-s267,0,0.2000,True,0,0,18.27,100,0,70986.3,
ORTEC-SYNTH-500-s267_dyn5e,ORTEC-SYNTH-500-s267,1,0.4000,True,0,0,17.36,100,0,59963.2,
ORTEC-SYNTH-500-s267_dyn5e,ORTEC-SYNTH-500-s267,2,0.6000,True,0,0,14.74,100,0,62651.6,
ORTEC-SYNTH-500-s267_dyn5e,ORTEC-SYNTH-500-s267,3,0.8000,True,0,0,17.16,100,0,72420.2,
ORTEC-SYNTH-500-s267_dyn5e,ORTEC-SYNTH-500-s267,4,1.0000,True,0,0,16.88,100,0,66829.5,
ORTEC-SYNTH-500-s269_dyn5e,ORTEC-SYNTH-500-s269,0,0.2000,True,0,0,19.56,100,0,78343.0,
ORTEC-SYNTH-500-s269_dyn5e,ORTEC-SYNTH-500-s269,1,0.4000,True,0,0,23.79,100,0,75807.0,
ORTEC-SYNTH-500-s269_dyn5e,ORTEC-SYNTH-500-s269,2,0.6000,True,0,0,17.07,100,0,83314.1,
ORTEC-SYNTH-500-s269_dyn5e,ORTEC-SYNTH-500-s269,3,0.8000,True,0,0,21.6,100,0,84202.3,
ORTEC-SYNTH-500-s269_dyn5e,ORTEC-SYNTH-500-s269,4,1.0000,True,0,0,20.93,100,0,78057.2,
ORTEC-SYNTH-500-s45_dyn5e,ORTEC-SYNTH-500-s45,0,0.2000,True,0,0,20.5,100,0,66226.5,
ORTEC-SYNTH-500-s45_dyn5e,ORTEC-SYNTH-500-s45,1,0.4000,True,0,0,18.16,100,0,65865.3,
ORTEC-SYNTH-500-s45_dyn5e,ORTEC-SYNTH-500-s45,2,0.6000,True,0,0,16.77,100,0,68194.1,
ORTEC-SYNTH-500-s45_dyn5e,ORTEC-SYNTH-500-s45,3,0.8000,True,0,0,20.8,100,0,66312.7,
ORTEC-SYNTH-500-s45_dyn5e,ORTEC-SYNTH-500-s45,4,1.0000,True,0,0,16.71,100,0,64181.4,
ORTEC-SYNTH-500-s46_dyn5e,ORTEC-SYNTH-500-s46,0,0.2000,True,0,0,17.23,100,0,71126.8,
ORTEC-SYNTH-500-s46_dyn5e,ORTEC-SYNTH-500-s46,1,0.4000,True,0,0,14.71,100,0,69583.2,
ORTEC-SYNTH-500-s46_dyn5e,ORTEC-SYNTH-500-s46,2,0.6000,True,0,0,16.04,100,0,62182.3,
ORTEC-SYNTH-500-s46_dyn5e,ORTEC-SYNTH-500-s46,3,0.8000,True,0,0,15.93,100,0,59766.7,
ORTEC-SYNTH-500-s46_dyn5e,ORTEC-SYNTH-500-s46,4,1.0000,True,0,0,16.66,100,0,67444.2,
ORTEC-SYNTH-500-s47_dyn5e,ORTEC-SYNTH-500-s47,0,0.2000,True,0,0,15.88,100,0,52282.4,
ORTEC-SYNTH-500-s47_dyn5e,ORTEC-SYNTH-500-s47,1,0.4000,True,0,0,16.79,100,0,47362.7,
ORTEC-SYNTH-500-s47_dyn5e,ORTEC-SYNTH-500-s47,2,0.6000,True,0,0,10.63,100,0,49709.5,
ORTEC-SYNTH-500-s47_dyn5e,ORTEC-SYNTH-500-s47,3,0.8000,True,0,0,18.95,100,0,49562.0,
ORTEC-SYNTH-500-s47_dyn5e,ORTEC-SYNTH-500-s47,4,1.0000,True,0,0,16.77,100,0,53733.7,
ORTEC-SYNTH-800-s400_dyn5e,ORTEC-SYNTH-800-s400,0,0.2000,True,0,0,38.62,160,0,87291.1,
ORTEC-SYNTH-800-s400_dyn5e,ORTEC-SYNTH-800-s400,1,0.4000,True,0,0,37.73,160,0,91046.2,
ORTEC-SYNTH-800-s400_dyn5e,ORTEC-SYNTH-800-s400,2,0.6000,True,0,0,30.5,160,0,95784.8,
ORTEC-SYNTH-800-s400_dyn5e,ORTEC-SYNTH-800-s400,3,0.8000,True,0,0,24.19,160,0,100776.8,
ORTEC-SYNTH-800-s400_dyn5e,ORTEC-SYNTH-800-s400,4,1.0000,True,0,0,25.69,160,0,84331.2,
ORTEC-SYNTH-800-s401_dyn5e,ORTEC-SYNTH-800-s401,0,0.2000,True,0,0,33.62,160,0,97608.8,
ORTEC-SYNTH-800-s401_dyn5e,ORTEC-SYNTH-800-s401,1,0.4000,True,0,0,33.52,160,0,94772.7,
ORTEC-SYNTH-800-s401_dyn5e,ORTEC-SYNTH-800-s401,2,0.6000,True,0,0,23.84,160,0,90126.5,
ORTEC-SYNTH-800-s401_dyn5e,ORTEC-SYNTH-800-s401,3,0.8000,True,0,0,43.18,160,0,86406.0,
ORTEC-SYNTH-800-s401_dyn5e,ORTEC-SYNTH-800-s401,4,1.0000,True,0,0,25.32,160,0,98215.5,
ORTEC-SYNTH-800-s403_dyn5e,ORTEC-SYNTH-800-s403,0,0.2000,True,0,0,53.75,160,0,102938.1,
ORTEC-SYNTH-800-s403_dyn5e,ORTEC-SYNTH-800-s403,1,0.4000,True,0,0,34.85,160,0,97584.5,
ORTEC-SYNTH-800-s403_dyn5e,ORTEC-SYNTH-800-s403,2,0.6000,True,0,0,29.59,160,0,100910.7,
ORTEC-SYNTH-800-s403_dyn5e,ORTEC-SYNTH-800-s403,3,0.8000,True,0,0,28.94,160,0,91941.0,
ORTEC-SYNTH-800-s403_dyn5e,ORTEC-SYNTH-800-s403,4,1.0000,True,0,0,31.75,160,0,95046.9,
ORTEC-SYNTH-800-s405_dyn5e,ORTEC-SYNTH-800-s405,0,0.2000,True,0,0,35.36,160,0,101576.9,
ORTEC-SYNTH-800-s405_dyn5e,ORTEC-SYNTH-800-s405,1,0.4000,True,0,0,35.01,160,0,106210.4,
ORTEC-SYNTH-800-s405_dyn5e,ORTEC-SYNTH-800-s405,2,0.6000,True,0,0,32.15,160,0,101512.8,
ORTEC-SYNTH-800-s405_dyn5e,ORTEC-SYNTH-800-s405,3,0.8000,True,0,0,28.7,160,0,104136.9,
ORTEC-SYNTH-800-s405_dyn5e,ORTEC-SYNTH-800-s405,4,1.0000,True,0,0,33.25,160,0,107990.0,
ORTEC-SYNTH-800-s406_dyn5e,ORTEC-SYNTH-800-s406,0,0.2000,True,0,0,32.29,160,0,84752.1,
ORTEC-SYNTH-800-s406_dyn5e,ORTEC-SYNTH-800-s406,1,0.4000,True,0,0,24.19,160,0,88145.9,
ORTEC-SYNTH-800-s406_dyn5e,ORTEC-SYNTH-800-s406,2,0.6000,True,0,0,24.11,160,0,83691.5,
ORTEC-SYNTH-800-s406_dyn5e,ORTEC-SYNTH-800-s406,3,0.8000,True,0,0,22.94,160,0,86861.2,
ORTEC-SYNTH-800-s406_dyn5e,ORTEC-SYNTH-800-s406,4,1.0000,True,0,0,38.2,160,0,79064.5,
ORTEC-SYNTH-800-s408_dyn5e,ORTEC-SYNTH-800-s408,0,0.2000,True,0,0,21.29,160,0,90912.1,
ORTEC-SYNTH-800-s408_dyn5e,ORTEC-SYNTH-800-s408,1,0.4000,True,0,0,44.07,160,0,93165.0,
ORTEC-SYNTH-800-s408_dyn5e,ORTEC-SYNTH-800-s408,2,0.6000,True,0,0,31.37,160,0,85965.2,
ORTEC-SYNTH-800-s408_dyn5e,ORTEC-SYNTH-800-s408,3,0.8000,True,0,0,30.49,160,0,97222.9,
ORTEC-SYNTH-800-s408_dyn5e,ORTEC-SYNTH-800-s408,4,1.0000,True,0,0,29.8,160,0,86238.5,
ORTEC-SYNTH-800-s402_dyn5e,ORTEC-SYNTH-800-s402,0,0.2000,True,0,0,33.89,160,0,81890.6,
ORTEC-SYNTH-800-s402_dyn5e,ORTEC-SYNTH-800-s402,1,0.2000,False,0,0,120.22,0,160,0.0,
ORTEC-SYNTH-800-s402_dyn5e,ORTEC-SYNTH-800-s402,2,0.2000,False,0,0,120.39,0,320,0.0,
ORTEC-SYNTH-800-s402_dyn5e,ORTEC-SYNTH-800-s402,3,0.2000,False,0,0,120.46,0,480,0.0,
ORTEC-SYNTH-800-s402_dyn5e,ORTEC-SYNTH-800-s402,4,0.2000,False,0,0,120.73,0,640,0.0,
ORTEC-SYNTH-800-s407_dyn5e,ORTEC-SYNTH-800-s407,0,0.2000,True,0,0,29.59,160,0,97948.6,
ORTEC-SYNTH-800-s407_dyn5e,ORTEC-SYNTH-800-s407,1,0.4000,True,0,0,32.74,160,0,91517.1,
ORTEC-SYNTH-800-s407_dyn5e,ORTEC-SYNTH-800-s407,2,0.6000,True,0,0,42.15,160,0,97716.7,
ORTEC-SYNTH-800-s407_dyn5e,ORTEC-SYNTH-800-s407,3,0.6000,False,0,0,120.25,0,160,0.0,
ORTEC-SYNTH-800-s407_dyn5e,ORTEC-SYNTH-800-s407,4,0.6000,False,0,0,120.61,0,320,0.0,
ORTEC-SYNTH-800-s409_dyn5e,ORTEC-SYNTH-800-s409,0,0.2000,True,0,0,37.76,160,0,94043.5,
ORTEC-SYNTH-800-s409_dyn5e,ORTEC-SYNTH-800-s409,1,0.4000,True,0,0,34.62,160,0,93627.0,
ORTEC-SYNTH-800-s409_dyn5e,ORTEC-SYNTH-800-s409,2,0.6000,True,0,0,30.3,160,0,98116.1,
ORTEC-SYNTH-800-s409_dyn5e,ORTEC-SYNTH-800-s409,3,0.8000,True,0,0,25.43,160,0,97386.6,
ORTEC-SYNTH-800-s409_dyn5e,ORTEC-SYNTH-800-s409,4,1.0000,True,0,0,26.56,160,0,93479.0,
ORTEC-SYNTH-800-s411_dyn5e,ORTEC-SYNTH-800-s411,0,0.2000,True,0,0,29.6,160,0,110314.8,
ORTEC-SYNTH-800-s411_dyn5e,ORTEC-SYNTH-800-s411,1,0.4000,True,0,0,29.91,160,0,90411.8,
ORTEC-SYNTH-800-s411_dyn5e,ORTEC-SYNTH-800-s411,2,0.6000,True,0,0,27.62,160,0,94587.4,
ORTEC-SYNTH-800-s411_dyn5e,ORTEC-SYNTH-800-s411,3,0.8000,True,0,0,25.89,160,0,98741.0,
ORTEC-SYNTH-800-s411_dyn5e,ORTEC-SYNTH-800-s411,4,1.0000,True,0,0,22.8,160,0,91493.1,
ORTEC-SYNTH-800-s412_dyn5e,ORTEC-SYNTH-800-s412,0,0.2000,True,0,0,25.06,160,0,121108.7,
ORTEC-SYNTH-800-s412_dyn5e,ORTEC-SYNTH-800-s412,1,0.4000,True,0,0,34.17,160,0,125369.2,
ORTEC-SYNTH-800-s412_dyn5e,ORTEC-SYNTH-800-s412,2,0.6000,True,0,0,44.41,160,0,106991.1,
ORTEC-SYNTH-800-s412_dyn5e,ORTEC-SYNTH-800-s412,3,0.8000,True,0,0,29.87,160,0,108850.4,
ORTEC-SYNTH-800-s412_dyn5e,ORTEC-SYNTH-800-s412,4,1.0000,True,0,0,32.08,160,0,115105.6,
ORTEC-SYNTH-800-s404_dyn5e,ORTEC-SYNTH-800-s404,0,0.0000,False,0,0,240.28,0,160,0.0,
ORTEC-SYNTH-800-s404_dyn5e,ORTEC-SYNTH-800-s404,1,0.0000,False,0,0,120.53,0,320,0.0,
ORTEC-SYNTH-800-s404_dyn5e,ORTEC-SYNTH-800-s404,2,0.0000,False,0,0,120.33,0,480,0.0,
ORTEC-SYNTH-800-s404_dyn5e,ORTEC-SYNTH-800-s404,3,0.0000,False,0,0,120.7,0,640,0.0,
ORTEC-SYNTH-800-s404_dyn5e,ORTEC-SYNTH-800-s404,4,0.0000,False,0,0,121.08,0,800,0.0,
ORTEC-SYNTH-800-s413_dyn5e,ORTEC-SYNTH-800-s413,0,0.2000,True,0,0,31.17,160,0,100472.9,
ORTEC-SYNTH-800-s413_dyn5e,ORTEC-SYNTH-800-s413,1,0.4000,True,0,0,29.01,160,0,91841.5,
ORTEC-SYNTH-800-s413_dyn5e,ORTEC-SYNTH-800-s413,2,0.6000,True,0,0,39.32,160,0,99376.5,
ORTEC-SYNTH-800-s413_dyn5e,ORTEC-SYNTH-800-s413,3,0.8000,True,0,0,30.08,160,0,105295.6,
ORTEC-SYNTH-800-s413_dyn5e,ORTEC-SYNTH-800-s413,4,1.0000,True,0,0,19.7,160,0,95394.8,
ORTEC-SYNTH-800-s414_dyn5e,ORTEC-SYNTH-800-s414,0,0.2000,True,0,0,30.71,160,0,99352.8,
ORTEC-SYNTH-800-s414_dyn5e,ORTEC-SYNTH-800-s414,1,0.4000,True,0,0,26.39,160,0,95271.9,
ORTEC-SYNTH-800-s414_dyn5e,ORTEC-SYNTH-800-s414,2,0.6000,True,0,0,26.57,160,0,107441.9,
ORTEC-SYNTH-800-s414_dyn5e,ORTEC-SYNTH-800-s414,3,0.8000,True,0,0,30.18,160,0,104846.6,
ORTEC-SYNTH-800-s414_dyn5e,ORTEC-SYNTH-800-s414,4,1.0000,True,0,0,31.35,160,0,97349.0,
ORTEC-SYNTH-800-s415_dyn5e,ORTEC-SYNTH-800-s415,0,0.2000,True,0,0,31.35,160,0,90746.5,
ORTEC-SYNTH-800-s415_dyn5e,ORTEC-SYNTH-800-s415,1,0.4000,True,0,0,29.78,160,0,96071.9,
ORTEC-SYNTH-800-s415_dyn5e,ORTEC-SYNTH-800-s415,2,0.6000,True,0,0,30.85,160,0,95911.5,
ORTEC-SYNTH-800-s415_dyn5e,ORTEC-SYNTH-800-s415,3,0.8000,True,0,0,34.72,160,0,94241.3,
ORTEC-SYNTH-800-s415_dyn5e,ORTEC-SYNTH-800-s415,4,1.0000,True,0,0,21.61,160,0,92781.9,
ORTEC-SYNTH-800-s410_dyn5e,ORTEC-SYNTH-800-s410,0,0.2000,True,0,0,25.42,160,0,119175.1,
ORTEC-SYNTH-800-s410_dyn5e,ORTEC-SYNTH-800-s410,1,0.2000,False,0,0,120.3,0,160,0.0,
ORTEC-SYNTH-800-s410_dyn5e,ORTEC-SYNTH-800-s410,2,0.2000,False,0,0,120.25,0,320,0.0,
ORTEC-SYNTH-800-s410_dyn5e,ORTEC-SYNTH-800-s410,3,0.2000,False,0,0,120.41,0,480,0.0,
ORTEC-SYNTH-800-s410_dyn5e,ORTEC-SYNTH-800-s410,4,0.2000,False,0,0,120.9,0,640,0.0,
ORTEC-SYNTH-800-s416_dyn5e,ORTEC-SYNTH-800-s416,0,0.2000,True,0,0,32.62,160,0,90577.5,
ORTEC-SYNTH-800-s416_dyn5e,ORTEC-SYNTH-800-s416,1,0.4000,True,0,0,27.63,160,0,94476.4,
ORTEC-SYNTH-800-s416_dyn5e,ORTEC-SYNTH-800-s416,2,0.6000,True,0,0,27.24,160,0,95625.0,
ORTEC-SYNTH-800-s416_dyn5e,ORTEC-SYNTH-800-s416,3,0.8000,True,0,0,31.07,160,0,88064.2,
ORTEC-SYNTH-800-s416_dyn5e,ORTEC-SYNTH-800-s416,4,1.0000,True,0,0,37.27,160,0,88079.3,
ORTEC-SYNTH-800-s419_dyn5e,ORTEC-SYNTH-800-s419,0,0.2000,True,0,0,33.36,160,0,96345.7,
ORTEC-SYNTH-800-s419_dyn5e,ORTEC-SYNTH-800-s419,1,0.4000,True,0,0,29.39,160,0,105769.0,
ORTEC-SYNTH-800-s419_dyn5e,ORTEC-SYNTH-800-s419,2,0.6000,True,0,0,30.35,160,0,91891.7,
ORTEC-SYNTH-800-s419_dyn5e,ORTEC-SYNTH-800-s419,3,0.8000,True,0,0,31.07,160,0,93009.6,
ORTEC-SYNTH-800-s419_dyn5e,ORTEC-SYNTH-800-s419,4,1.0000,True,0,0,35.52,160,0,113249.7,
ORTEC-SYNTH-800-s420_dyn5e,ORTEC-SYNTH-800-s420,0,0.2000,True,0,0,36.74,160,0,106110.4,
ORTEC-SYNTH-800-s420_dyn5e,ORTEC-SYNTH-800-s420,1,0.4000,True,0,0,34.62,160,0,106282.7,
ORTEC-SYNTH-800-s420_dyn5e,ORTEC-SYNTH-800-s420,2,0.6000,True,0,0,33.24,160,0,105016.8,
ORTEC-SYNTH-800-s420_dyn5e,ORTEC-SYNTH-800-s420,3,0.8000,True,0,0,42.81,160,0,110058.1,
ORTEC-SYNTH-800-s420_dyn5e,ORTEC-SYNTH-800-s420,4,1.0000,True,0,0,43.89,160,0,105798.5,
ORTEC-SYNTH-800-s421_dyn5e,ORTEC-SYNTH-800-s421,0,0.2000,True,0,0,27.84,160,0,78011.2,
ORTEC-SYNTH-800-s421_dyn5e,ORTEC-SYNTH-800-s421,1,0.4000,True,0,0,38.83,160,0,78355.4,
ORTEC-SYNTH-800-s421_dyn5e,ORTEC-SYNTH-800-s421,2,0.6000,True,0,0,29.67,160,0,77467.2,
ORTEC-SYNTH-800-s421_dyn5e,ORTEC-SYNTH-800-s421,3,0.8000,True,0,0,31.36,160,0,81543.2,
ORTEC-SYNTH-800-s421_dyn5e,ORTEC-SYNTH-800-s421,4,1.0000,True,0,0,34.98,160,0,80001.4,
ORTEC-SYNTH-800-s422_dyn5e,ORTEC-SYNTH-800-s422,0,0.2000,True,0,0,33.15,160,0,99076.1,
ORTEC-SYNTH-800-s422_dyn5e,ORTEC-SYNTH-800-s422,1,0.4000,True,0,0,33.29,160,0,90481.1,
ORTEC-SYNTH-800-s422_dyn5e,ORTEC-SYNTH-800-s422,2,0.6000,True,0,0,40.45,160,0,97493.7,
ORTEC-SYNTH-800-s422_dyn5e,ORTEC-SYNTH-800-s422,3,0.8000,True,0,0,30.03,160,0,100636.7,
ORTEC-SYNTH-800-s422_dyn5e,ORTEC-SYNTH-800-s422,4,1.0000,True,0,0,40.22,160,0,95247.7,
ORTEC-SYNTH-800-s418_dyn5e,ORTEC-SYNTH-800-s418,0,0.2000,True,0,0,28.96,160,0,90916.6,
ORTEC-SYNTH-800-s418_dyn5e,ORTEC-SYNTH-800-s418,1,0.2000,False,0,0,120.46,0,160,0.0,
ORTEC-SYNTH-800-s418_dyn5e,ORTEC-SYNTH-800-s418,2,0.2000,False,0,0,120.51,0,320,0.0,
ORTEC-SYNTH-800-s418_dyn5e,ORTEC-SYNTH-800-s418,3,0.2000,False,0,0,120.83,0,480,0.0,
ORTEC-SYNTH-800-s418_dyn5e,ORTEC-SYNTH-800-s418,4,0.2000,False,0,0,120.71,0,640,0.0,
ORTEC-SYNTH-800-s423_dyn5e,ORTEC-SYNTH-800-s423,0,0.2000,True,0,0,28.5,160,0,96530.4,
ORTEC-SYNTH-800-s423_dyn5e,ORTEC-SYNTH-800-s423,1,0.4000,True,0,0,32.23,160,0,93653.5,
ORTEC-SYNTH-800-s423_dyn5e,ORTEC-SYNTH-800-s423,2,0.6000,True,0,0,40.71,160,0,93842.0,
ORTEC-SYNTH-800-s423_dyn5e,ORTEC-SYNTH-800-s423,3,0.8000,True,0,0,24.64,160,0,84298.7,
ORTEC-SYNTH-800-s423_dyn5e,ORTEC-SYNTH-800-s423,4,1.0000,True,0,0,36.63,160,0,85540.3,
ORTEC-SYNTH-800-s424_dyn5e,ORTEC-SYNTH-800-s424,0,0.2000,True,0,0,41.39,160,0,97167.5,
ORTEC-SYNTH-800-s424_dyn5e,ORTEC-SYNTH-800-s424,1,0.4000,True,0,0,31.43,160,0,95620.3,
ORTEC-SYNTH-800-s424_dyn5e,ORTEC-SYNTH-800-s424,2,0.6000,True,0,0,25.91,160,0,92951.8,
ORTEC-SYNTH-800-s424_dyn5e,ORTEC-SYNTH-800-s424,3,0.8000,True,0,0,37.85,160,0,88945.0,
ORTEC-SYNTH-800-s424_dyn5e,ORTEC-SYNTH-800-s424,4,1.0000,True,0,0,32.74,160,0,92158.1,
ORTEC-SYNTH-800-s425_dyn5e,ORTEC-SYNTH-800-s425,0,0.2000,True,0,0,27.22,160,0,92622.0,
ORTEC-SYNTH-800-s425_dyn5e,ORTEC-SYNTH-800-s425,1,0.4000,True,0,0,37.88,160,0,90787.7,
ORTEC-SYNTH-800-s425_dyn5e,ORTEC-SYNTH-800-s425,2,0.6000,True,0,0,36.34,160,0,92840.9,
ORTEC-SYNTH-800-s425_dyn5e,ORTEC-SYNTH-800-s425,3,0.8000,True,0,0,34.02,160,0,92669.7,
ORTEC-SYNTH-800-s425_dyn5e,ORTEC-SYNTH-800-s425,4,1.0000,True,0,0,30.28,160,0,93253.5,
ORTEC-SYNTH-800-s417_dyn5e,ORTEC-SYNTH-800-s417,0,0.0000,False,0,0,240.18,0,160,0.0,
ORTEC-SYNTH-800-s417_dyn5e,ORTEC-SYNTH-800-s417,1,0.0000,False,0,0,120.24,0,320,0.0,
ORTEC-SYNTH-800-s417_dyn5e,ORTEC-SYNTH-800-s417,2,0.0000,False,0,0,120.43,0,480,0.0,
ORTEC-SYNTH-800-s417_dyn5e,ORTEC-SYNTH-800-s417,3,0.0000,False,0,0,120.83,0,640,0.0,
ORTEC-SYNTH-800-s417_dyn5e,ORTEC-SYNTH-800-s417,4,0.0000,False,0,0,121.22,0,800,0.0,
ORTEC-SYNTH-800-s427_dyn5e,ORTEC-SYNTH-800-s427,0,0.2000,True,0,0,37.71,160,0,105267.9,
ORTEC-SYNTH-800-s427_dyn5e,ORTEC-SYNTH-800-s427,1,0.4000,True,0,0,34.42,160,0,103539.5,
ORTEC-SYNTH-800-s427_dyn5e,ORTEC-SYNTH-800-s427,2,0.6000,True,0,0,33.54,160,0,103292.4,
ORTEC-SYNTH-800-s427_dyn5e,ORTEC-SYNTH-800-s427,3,0.8000,True,0,0,32.33,160,0,101583.8,
ORTEC-SYNTH-800-s427_dyn5e,ORTEC-SYNTH-800-s427,4,1.0000,True,0,0,29.28,160,0,109114.7,
ORTEC-SYNTH-800-s430_dyn5e,ORTEC-SYNTH-800-s430,0,0.2000,True,0,0,29.4,160,0,96587.7,
ORTEC-SYNTH-800-s430_dyn5e,ORTEC-SYNTH-800-s430,1,0.4000,True,0,0,36.2,160,0,94267.5,
ORTEC-SYNTH-800-s430_dyn5e,ORTEC-SYNTH-800-s430,2,0.6000,True,0,0,31.97,160,0,96896.9,
ORTEC-SYNTH-800-s430_dyn5e,ORTEC-SYNTH-800-s430,3,0.8000,True,0,0,42.95,160,0,94086.8,
ORTEC-SYNTH-800-s430_dyn5e,ORTEC-SYNTH-800-s430,4,1.0000,True,0,0,35.39,160,0,97939.8,
ORTEC-SYNTH-800-s426_dyn5e,ORTEC-SYNTH-800-s426,0,0.2000,True,0,0,23.94,160,0,99576.3,
ORTEC-SYNTH-800-s426_dyn5e,ORTEC-SYNTH-800-s426,1,0.2000,False,0,0,120.14,0,160,0.0,
ORTEC-SYNTH-800-s426_dyn5e,ORTEC-SYNTH-800-s426,2,0.2000,False,0,0,120.27,0,320,0.0,
ORTEC-SYNTH-800-s426_dyn5e,ORTEC-SYNTH-800-s426,3,0.2000,False,0,0,121.01,0,480,0.0,
ORTEC-SYNTH-800-s426_dyn5e,ORTEC-SYNTH-800-s426,4,0.2000,False,0,0,121.8,0,640,0.0,
ORTEC-SYNTH-800-s429_dyn5e,ORTEC-SYNTH-800-s429,0,0.2000,True,0,0,37.07,160,0,94733.6,
ORTEC-SYNTH-800-s429_dyn5e,ORTEC-SYNTH-800-s429,1,0.2000,False,0,0,120.14,0,160,0.0,
ORTEC-SYNTH-800-s429_dyn5e,ORTEC-SYNTH-800-s429,2,0.2000,False,0,0,120.22,0,320,0.0,
ORTEC-SYNTH-800-s429_dyn5e,ORTEC-SYNTH-800-s429,3,0.2000,False,0,0,120.38,0,480,0.0,
ORTEC-SYNTH-800-s429_dyn5e,ORTEC-SYNTH-800-s429,4,0.2000,False,0,0,120.56,0,640,0.0,
ORTEC-SYNTH-800-s432_dyn5e,ORTEC-SYNTH-800-s432,0,0.2000,True,0,0,39.33,160,0,89309.7,
ORTEC-SYNTH-800-s432_dyn5e,ORTEC-SYNTH-800-s432,1,0.4000,True,0,0,35.91,160,0,100315.6,
ORTEC-SYNTH-800-s432_dyn5e,ORTEC-SYNTH-800-s432,2,0.6000,True,0,0,35.27,160,0,102389.0,
ORTEC-SYNTH-800-s432_dyn5e,ORTEC-SYNTH-800-s432,3,0.8000,True,0,0,36.6,160,0,93876.9,
ORTEC-SYNTH-800-s432_dyn5e,ORTEC-SYNTH-800-s432,4,1.0000,True,0,0,35.7,160,0,90741.1,
ORTEC-SYNTH-800-s434_dyn5e,ORTEC-SYNTH-800-s434,0,0.2000,True,0,0,29.31,160,0,87636.9,
ORTEC-SYNTH-800-s434_dyn5e,ORTEC-SYNTH-800-s434,1,0.4000,True,0,0,20.1,160,0,94003.7,
ORTEC-SYNTH-800-s434_dyn5e,ORTEC-SYNTH-800-s434,2,0.6000,True,0,0,23.63,160,0,91041.4,
ORTEC-SYNTH-800-s434_dyn5e,ORTEC-SYNTH-800-s434,3,0.8000,True,0,0,37.54,160,0,88188.3,
ORTEC-SYNTH-800-s434_dyn5e,ORTEC-SYNTH-800-s434,4,1.0000,True,0,0,27.46,160,0,92633.6,
ORTEC-SYNTH-800-s428_dyn5e,ORTEC-SYNTH-800-s428,0,0.0000,False,0,0,240.15,0,160,0.0,
ORTEC-SYNTH-800-s428_dyn5e,ORTEC-SYNTH-800-s428,1,0.0000,False,0,0,120.38,0,320,0.0,
ORTEC-SYNTH-800-s428_dyn5e,ORTEC-SYNTH-800-s428,2,0.0000,False,0,0,120.52,0,480,0.0,
ORTEC-SYNTH-800-s428_dyn5e,ORTEC-SYNTH-800-s428,3,0.0000,False,0,0,121.22,0,640,0.0,
ORTEC-SYNTH-800-s428_dyn5e,ORTEC-SYNTH-800-s428,4,0.0000,False,0,0,121.64,0,800,0.0,
ORTEC-SYNTH-800-s433_dyn5e,ORTEC-SYNTH-800-s433,0,0.2000,True,0,0,29.16,160,0,96404.0,
ORTEC-SYNTH-800-s433_dyn5e,ORTEC-SYNTH-800-s433,1,0.4000,True,0,0,26.44,160,0,95410.1,
ORTEC-SYNTH-800-s433_dyn5e,ORTEC-SYNTH-800-s433,2,0.6000,True,0,0,22.25,160,0,101112.0,
ORTEC-SYNTH-800-s433_dyn5e,ORTEC-SYNTH-800-s433,3,0.8000,True,0,0,37.3,160,0,93450.8,
ORTEC-SYNTH-800-s433_dyn5e,ORTEC-SYNTH-800-s433,4,0.8000,False,0,0,120.23,0,160,0.0,
ORTEC-SYNTH-800-s431_dyn5e,ORTEC-SYNTH-800-s431,0,0.2000,True,0,0,31.42,160,0,111540.5,
ORTEC-SYNTH-800-s431_dyn5e,ORTEC-SYNTH-800-s431,1,0.2000,False,0,0,120.22,0,160,0.0,
ORTEC-SYNTH-800-s431_dyn5e,ORTEC-SYNTH-800-s431,2,0.2000,False,0,0,120.26,0,320,0.0,
ORTEC-SYNTH-800-s431_dyn5e,ORTEC-SYNTH-800-s431,3,0.2000,False,0,0,120.49,0,480,0.0,
ORTEC-SYNTH-800-s431_dyn5e,ORTEC-SYNTH-800-s431,4,0.2000,False,0,0,120.96,0,640,0.0,
ORTEC-SYNTH-800-s438_dyn5e,ORTEC-SYNTH-800-s438,0,0.2000,True,0,0,28.01,160,0,107594.2,
ORTEC-SYNTH-800-s438_dyn5e,ORTEC-SYNTH-800-s438,1,0.4000,True,0,0,28.0,160,0,93308.7,
ORTEC-SYNTH-800-s438_dyn5e,ORTEC-SYNTH-800-s438,2,0.6000,True,0,0,33.38,160,0,96039.5,
ORTEC-SYNTH-800-s438_dyn5e,ORTEC-SYNTH-800-s438,3,0.8000,True,0,0,32.62,160,0,96411.6,
ORTEC-SYNTH-800-s438_dyn5e,ORTEC-SYNTH-800-s438,4,1.0000,True,0,0,35.65,160,0,94439.9,
ORTEC-SYNTH-800-s435_dyn5e,ORTEC-SYNTH-800-s435,0,0.2000,True,0,0,14.06,160,0,104471.0,
ORTEC-SYNTH-800-s435_dyn5e,ORTEC-SYNTH-800-s435,1,0.4000,True,0,0,17.43,160,0,107829.0,
ORTEC-SYNTH-800-s435_dyn5e,ORTEC-SYNTH-800-s435,2,0.4000,False,0,0,120.22,0,160,0.0,
ORTEC-SYNTH-800-s435_dyn5e,ORTEC-SYNTH-800-s435,3,0.4000,False,0,0,120.49,0,320,0.0,
ORTEC-SYNTH-800-s435_dyn5e,ORTEC-SYNTH-800-s435,4,0.4000,False,0,0,120.43,0,480,0.0,
ORTEC-SYNTH-800-s439_dyn5e,ORTEC-SYNTH-800-s439,0,0.2000,True,0,0,33.21,160,0,83167.6,
ORTEC-SYNTH-800-s439_dyn5e,ORTEC-SYNTH-800-s439,1,0.4000,True,0,0,35.21,160,0,84297.3,
ORTEC-SYNTH-800-s439_dyn5e,ORTEC-SYNTH-800-s439,2,0.6000,True,0,0,25.84,160,0,76423.9,
ORTEC-SYNTH-800-s439_dyn5e,ORTEC-SYNTH-800-s439,3,0.8000,True,0,0,27.32,160,0,81230.2,
ORTEC-SYNTH-800-s439_dyn5e,ORTEC-SYNTH-800-s439,4,1.0000,True,0,0,37.47,160,0,80569.0,
ORTEC-SYNTH-800-s441_dyn5e,ORTEC-SYNTH-800-s441,0,0.2000,True,0,0,29.56,160,0,98050.4,
ORTEC-SYNTH-800-s441_dyn5e,ORTEC-SYNTH-800-s441,1,0.4000,True,0,0,22.65,160,0,96865.3,
ORTEC-SYNTH-800-s441_dyn5e,ORTEC-SYNTH-800-s441,2,0.6000,True,0,0,42.77,160,0,95806.0,
ORTEC-SYNTH-800-s441_dyn5e,ORTEC-SYNTH-800-s441,3,0.8000,True,0,0,35.5,160,0,94376.0,
ORTEC-SYNTH-800-s441_dyn5e,ORTEC-SYNTH-800-s441,4,1.0000,True,0,0,28.88,160,0,90584.8,
ORTEC-SYNTH-800-s440_dyn5e,ORTEC-SYNTH-800-s440,0,0.2000,True,0,0,26.55,160,0,93541.9,
ORTEC-SYNTH-800-s440_dyn5e,ORTEC-SYNTH-800-s440,1,0.4000,True,0,0,34.61,160,0,91604.7,
ORTEC-SYNTH-800-s440_dyn5e,ORTEC-SYNTH-800-s440,2,0.6000,True,0,0,25.74,160,0,91528.1,
ORTEC-SYNTH-800-s440_dyn5e,ORTEC-SYNTH-800-s440,3,0.8000,True,0,0,27.63,160,0,102901.1,
ORTEC-SYNTH-800-s440_dyn5e,ORTEC-SYNTH-800-s440,4,0.8000,False,0,0,120.28,0,160,0.0,
ORTEC-SYNTH-800-s436_dyn5e,ORTEC-SYNTH-800-s436,0,0.0000,False,0,0,240.14,0,160,0.0,
ORTEC-SYNTH-800-s436_dyn5e,ORTEC-SYNTH-800-s436,1,0.0000,False,0,0,120.19,0,320,0.0,
ORTEC-SYNTH-800-s436_dyn5e,ORTEC-SYNTH-800-s436,2,0.0000,False,0,0,120.77,0,480,0.0,
ORTEC-SYNTH-800-s436_dyn5e,ORTEC-SYNTH-800-s436,3,0.0000,False,0,0,120.79,0,640,0.0,
ORTEC-SYNTH-800-s436_dyn5e,ORTEC-SYNTH-800-s436,4,0.0000,False,0,0,121.83,0,800,0.0,
ORTEC-SYNTH-800-s442_dyn5e,ORTEC-SYNTH-800-s442,0,0.2000,True,0,0,25.2,160,0,79778.0,
ORTEC-SYNTH-800-s442_dyn5e,ORTEC-SYNTH-800-s442,1,0.4000,True,0,0,40.72,160,0,76653.4,
ORTEC-SYNTH-800-s442_dyn5e,ORTEC-SYNTH-800-s442,2,0.6000,True,0,0,22.41,160,0,77134.0,
ORTEC-SYNTH-800-s442_dyn5e,ORTEC-SYNTH-800-s442,3,0.8000,True,0,0,41.17,160,0,72212.4,
ORTEC-SYNTH-800-s442_dyn5e,ORTEC-SYNTH-800-s442,4,1.0000,True,0,0,23.34,160,0,82270.0,
ORTEC-SYNTH-800-s437_dyn5e,ORTEC-SYNTH-800-s437,0,0.0000,False,0,0,240.17,0,160,0.0,
ORTEC-SYNTH-800-s437_dyn5e,ORTEC-SYNTH-800-s437,1,0.0000,False,0,0,120.31,0,320,0.0,
ORTEC-SYNTH-800-s437_dyn5e,ORTEC-SYNTH-800-s437,2,0.0000,False,0,0,120.8,0,480,0.0,
ORTEC-SYNTH-800-s437_dyn5e,ORTEC-SYNTH-800-s437,3,0.0000,False,0,0,120.84,0,640,0.0,
ORTEC-SYNTH-800-s437_dyn5e,ORTEC-SYNTH-800-s437,4,0.0000,False,0,0,121.67,0,800,0.0,
ORTEC-SYNTH-800-s445_dyn5e,ORTEC-SYNTH-800-s445,0,0.2000,True,0,0,25.2,160,0,87924.8,
ORTEC-SYNTH-800-s445_dyn5e,ORTEC-SYNTH-800-s445,1,0.4000,True,0,0,28.32,160,0,96776.6,
ORTEC-SYNTH-800-s445_dyn5e,ORTEC-SYNTH-800-s445,2,0.6000,True,0,0,34.69,160,0,90085.8,
ORTEC-SYNTH-800-s445_dyn5e,ORTEC-SYNTH-800-s445,3,0.8000,True,0,0,32.81,160,0,88291.2,
ORTEC-SYNTH-800-s445_dyn5e,ORTEC-SYNTH-800-s445,4,1.0000,True,0,0,29.85,160,0,85901.9,
ORTEC-SYNTH-800-s444_dyn5e,ORTEC-SYNTH-800-s444,0,0.2000,True,0,0,42.34,160,0,90008.2,
ORTEC-SYNTH-800-s444_dyn5e,ORTEC-SYNTH-800-s444,1,0.4000,True,0,0,28.98,160,0,88609.0,
ORTEC-SYNTH-800-s444_dyn5e,ORTEC-SYNTH-800-s444,2,0.6000,True,0,0,43.46,160,0,91900.8,
ORTEC-SYNTH-800-s444_dyn5e,ORTEC-SYNTH-800-s444,3,0.8000,True,0,0,35.26,160,0,86906.5,
ORTEC-SYNTH-800-s444_dyn5e,ORTEC-SYNTH-800-s444,4,1.0000,True,0,0,24.51,160,0,89589.5,
ORTEC-SYNTH-800-s446_dyn5e,ORTEC-SYNTH-800-s446,0,0.2000,True,0,0,29.77,160,0,92312.7,
ORTEC-SYNTH-800-s446_dyn5e,ORTEC-SYNTH-800-s446,1,0.4000,True,0,0,23.14,160,0,86218.5,
ORTEC-SYNTH-800-s446_dyn5e,ORTEC-SYNTH-800-s446,2,0.6000,True,0,0,23.96,160,0,90383.1,
ORTEC-SYNTH-800-s446_dyn5e,ORTEC-SYNTH-800-s446,3,0.8000,True,0,0,39.98,160,0,94583.5,
ORTEC-SYNTH-800-s446_dyn5e,ORTEC-SYNTH-800-s446,4,1.0000,True,0,0,36.98,160,0,100283.8,
ORTEC-SYNTH-800-s447_dyn5e,ORTEC-SYNTH-800-s447,0,0.2000,True,0,0,26.98,160,0,74767.8,
ORTEC-SYNTH-800-s447_dyn5e,ORTEC-SYNTH-800-s447,1,0.4000,True,0,0,32.11,160,0,74974.6,
ORTEC-SYNTH-800-s447_dyn5e,ORTEC-SYNTH-800-s447,2,0.6000,True,0,0,30.85,160,0,73648.7,
ORTEC-SYNTH-800-s447_dyn5e,ORTEC-SYNTH-800-s447,3,0.8000,True,0,0,35.97,160,0,82152.7,
ORTEC-SYNTH-800-s447_dyn5e,ORTEC-SYNTH-800-s447,4,1.0000,True,0,0,23.64,160,0,71210.7,
ORTEC-SYNTH-800-s448_dyn5e,ORTEC-SYNTH-800-s448,0,0.2000,True,0,0,29.91,160,0,86432.8,
ORTEC-SYNTH-800-s448_dyn5e,ORTEC-SYNTH-800-s448,1,0.4000,True,0,0,33.29,160,0,90959.0,
ORTEC-SYNTH-800-s448_dyn5e,ORTEC-SYNTH-800-s448,2,0.6000,True,0,0,31.72,160,0,90783.5,
ORTEC-SYNTH-800-s448_dyn5e,ORTEC-SYNTH-800-s448,3,0.8000,True,0,0,25.44,160,0,95263.8,
ORTEC-SYNTH-800-s448_dyn5e,ORTEC-SYNTH-800-s448,4,1.0000,True,0,0,40.37,160,0,85825.0,
ORTEC-SYNTH-800-s449_dyn5e,ORTEC-SYNTH-800-s449,0,0.2000,True,0,0,30.02,160,0,93945.3,
ORTEC-SYNTH-800-s449_dyn5e,ORTEC-SYNTH-800-s449,1,0.4000,True,0,0,38.0,160,0,88498.9,
ORTEC-SYNTH-800-s449_dyn5e,ORTEC-SYNTH-800-s449,2,0.6000,True,0,0,31.76,160,0,91558.0,
ORTEC-SYNTH-800-s449_dyn5e,ORTEC-SYNTH-800-s449,3,0.8000,True,0,0,34.48,160,0,88336.0,
ORTEC-SYNTH-800-s449_dyn5e,ORTEC-SYNTH-800-s449,4,1.0000,True,0,0,30.12,160,0,89697.2,
ORTEC-SYNTH-800-s452_dyn5e,ORTEC-SYNTH-800-s452,0,0.2000,True,0,0,23.1,160,0,95395.4,
ORTEC-SYNTH-800-s452_dyn5e,ORTEC-SYNTH-800-s452,1,0.4000,True,0,0,34.0,160,0,95982.6,
ORTEC-SYNTH-800-s452_dyn5e,ORTEC-SYNTH-800-s452,2,0.6000,True,0,0,29.13,160,0,104079.9,
ORTEC-SYNTH-800-s452_dyn5e,ORTEC-SYNTH-800-s452,3,0.8000,True,0,0,30.5,160,0,99807.7,
ORTEC-SYNTH-800-s452_dyn5e,ORTEC-SYNTH-800-s452,4,1.0000,True,0,0,26.36,160,0,99352.8,
ORTEC-SYNTH-800-s450_dyn5e,ORTEC-SYNTH-800-s450,0,0.2000,True,0,0,45.23,160,0,114697.6,
ORTEC-SYNTH-800-s450_dyn5e,ORTEC-SYNTH-800-s450,1,0.4000,True,0,0,43.78,160,0,117151.5,
ORTEC-SYNTH-800-s450_dyn5e,ORTEC-SYNTH-800-s450,2,0.6000,True,0,0,29.42,160,0,117323.1,
ORTEC-SYNTH-800-s450_dyn5e,ORTEC-SYNTH-800-s450,3,0.8000,True,0,0,32.67,160,0,114129.6,
ORTEC-SYNTH-800-s450_dyn5e,ORTEC-SYNTH-800-s450,4,1.0000,True,0,0,41.11,160,0,117334.7,
ORTEC-SYNTH-800-s443_dyn5e,ORTEC-SYNTH-800-s443,0,0.0000,False,0,0,240.41,0,160,0.0,
ORTEC-SYNTH-800-s443_dyn5e,ORTEC-SYNTH-800-s443,1,0.0000,False,0,0,120.64,0,320,0.0,
ORTEC-SYNTH-800-s443_dyn5e,ORTEC-SYNTH-800-s443,2,0.0000,False,0,0,120.75,0,480,0.0,
ORTEC-SYNTH-800-s443_dyn5e,ORTEC-SYNTH-800-s443,3,0.0000,False,0,0,121.22,0,640,0.0,
ORTEC-SYNTH-800-s443_dyn5e,ORTEC-SYNTH-800-s443,4,0.0000,False,0,0,121.21,0,800,0.0,
ORTEC-SYNTH-800-s454_dyn5e,ORTEC-SYNTH-800-s454,0,0.2000,True,0,0,24.51,160,0,88724.7,
ORTEC-SYNTH-800-s454_dyn5e,ORTEC-SYNTH-800-s454,1,0.4000,True,0,0,22.08,160,0,92121.8,
ORTEC-SYNTH-800-s454_dyn5e,ORTEC-SYNTH-800-s454,2,0.6000,True,0,0,30.04,160,0,90591.4,
ORTEC-SYNTH-800-s454_dyn5e,ORTEC-SYNTH-800-s454,3,0.8000,True,0,0,24.14,160,0,80643.5,
ORTEC-SYNTH-800-s454_dyn5e,ORTEC-SYNTH-800-s454,4,1.0000,True,0,0,25.47,160,0,81472.2,
ORTEC-SYNTH-800-s453_dyn5e,ORTEC-SYNTH-800-s453,0,0.2000,True,0,0,27.9,160,0,83814.3,
ORTEC-SYNTH-800-s453_dyn5e,ORTEC-SYNTH-800-s453,1,0.4000,True,0,0,26.58,160,0,85035.3,
ORTEC-SYNTH-800-s453_dyn5e,ORTEC-SYNTH-800-s453,2,0.6000,True,0,0,28.52,160,0,100001.7,
ORTEC-SYNTH-800-s453_dyn5e,ORTEC-SYNTH-800-s453,3,0.8000,True,0,0,26.27,160,0,100574.9,
ORTEC-SYNTH-800-s453_dyn5e,ORTEC-SYNTH-800-s453,4,1.0000,True,0,0,46.66,160,0,96694.1,
ORTEC-SYNTH-800-s455_dyn5e,ORTEC-SYNTH-800-s455,0,0.2000,True,0,0,28.5,160,0,89153.2,
ORTEC-SYNTH-800-s455_dyn5e,ORTEC-SYNTH-800-s455,1,0.4000,True,0,0,29.47,160,0,93001.6,
ORTEC-SYNTH-800-s455_dyn5e,ORTEC-SYNTH-800-s455,2,0.6000,True,0,0,27.74,160,0,91402.6,
ORTEC-SYNTH-800-s455_dyn5e,ORTEC-SYNTH-800-s455,3,0.8000,True,0,0,27.95,160,0,82094.1,
ORTEC-SYNTH-800-s455_dyn5e,ORTEC-SYNTH-800-s455,4,1.0000,True,0,0,23.34,160,0,92543.7,
ORTEC-SYNTH-800-s456_dyn5e,ORTEC-SYNTH-800-s456,0,0.2000,True,0,0,33.61,160,0,89960.9,
ORTEC-SYNTH-800-s456_dyn5e,ORTEC-SYNTH-800-s456,1,0.4000,True,0,0,45.1,160,0,90411.2,
ORTEC-SYNTH-800-s456_dyn5e,ORTEC-SYNTH-800-s456,2,0.6000,True,0,0,30.21,160,0,97081.1,
ORTEC-SYNTH-800-s456_dyn5e,ORTEC-SYNTH-800-s456,3,0.8000,True,0,0,27.78,160,0,87595.7,
ORTEC-SYNTH-800-s456_dyn5e,ORTEC-SYNTH-800-s456,4,1.0000,True,0,0,35.08,160,0,89248.8,
ORTEC-SYNTH-800-s457_dyn5e,ORTEC-SYNTH-800-s457,0,0.2000,True,0,0,27.85,160,0,83661.4,
ORTEC-SYNTH-800-s457_dyn5e,ORTEC-SYNTH-800-s457,1,0.4000,True,0,0,35.33,160,0,87927.6,
ORTEC-SYNTH-800-s457_dyn5e,ORTEC-SYNTH-800-s457,2,0.6000,True,0,0,35.94,160,0,94055.9,
ORTEC-SYNTH-800-s457_dyn5e,ORTEC-SYNTH-800-s457,3,0.8000,True,0,0,23.12,160,0,87609.8,
ORTEC-SYNTH-800-s457_dyn5e,ORTEC-SYNTH-800-s457,4,1.0000,True,0,0,30.23,160,0,94619.3,
ORTEC-SYNTH-800-s458_dyn5e,ORTEC-SYNTH-800-s458,0,0.2000,True,0,0,32.52,160,0,91149.6,
ORTEC-SYNTH-800-s458_dyn5e,ORTEC-SYNTH-800-s458,1,0.4000,True,0,0,31.1,160,0,100542.0,
ORTEC-SYNTH-800-s458_dyn5e,ORTEC-SYNTH-800-s458,2,0.6000,True,0,0,30.65,160,0,96566.9,
ORTEC-SYNTH-800-s458_dyn5e,ORTEC-SYNTH-800-s458,3,0.8000,True,0,0,34.51,160,0,98976.5,
ORTEC-SYNTH-800-s458_dyn5e,ORTEC-SYNTH-800-s458,4,0.8000,False,0,0,120.14,0,160,0.0,
ORTEC-SYNTH-800-s48_dyn5e,ORTEC-SYNTH-800-s48,0,0.2000,True,0,0,31.48,160,0,97133.6,
ORTEC-SYNTH-800-s48_dyn5e,ORTEC-SYNTH-800-s48,1,0.4000,True,0,0,31.13,160,0,97411.0,
ORTEC-SYNTH-800-s48_dyn5e,ORTEC-SYNTH-800-s48,2,0.6000,True,0,0,24.83,160,0,100536.0,
ORTEC-SYNTH-800-s48_dyn5e,ORTEC-SYNTH-800-s48,3,0.8000,True,0,0,35.64,160,0,106144.1,
ORTEC-SYNTH-800-s48_dyn5e,ORTEC-SYNTH-800-s48,4,1.0000,True,0,0,29.57,160,0,98234.0,
ORTEC-SYNTH-800-s459_dyn5e,ORTEC-SYNTH-800-s459,0,0.2000,True,0,0,36.92,160,0,101654.5,
ORTEC-SYNTH-800-s459_dyn5e,ORTEC-SYNTH-800-s459,1,0.4000,True,0,0,24.47,160,0,93103.2,
ORTEC-SYNTH-800-s459_dyn5e,ORTEC-SYNTH-800-s459,2,0.6000,True,0,0,34.11,160,0,100617.1,
ORTEC-SYNTH-800-s459_dyn5e,ORTEC-SYNTH-800-s459,3,0.8000,True,0,0,37.22,160,0,96174.3,
ORTEC-SYNTH-800-s459_dyn5e,ORTEC-SYNTH-800-s459,4,1.0000,True,0,0,44.86,160,0,97143.2,
ORTEC-SYNTH-800-s451_dyn5e,ORTEC-SYNTH-800-s451,0,0.0000,False,0,0,240.14,0,160,0.0,
ORTEC-SYNTH-800-s451_dyn5e,ORTEC-SYNTH-800-s451,1,0.0000,False,0,0,120.23,0,320,0.0,
ORTEC-SYNTH-800-s451_dyn5e,ORTEC-SYNTH-800-s451,2,0.0000,False,0,0,120.69,0,480,0.0,
ORTEC-SYNTH-800-s451_dyn5e,ORTEC-SYNTH-800-s451,3,0.0000,False,0,0,120.66,0,640,0.0,
ORTEC-SYNTH-800-s451_dyn5e,ORTEC-SYNTH-800-s451,4,0.0000,False,0,0,121.27,0,800,0.0,
ORTEC-SYNTH-800-s50_dyn5e,ORTEC-SYNTH-800-s50,0,0.2000,True,0,0,22.73,160,0,87075.5,
ORTEC-SYNTH-800-s50_dyn5e,ORTEC-SYNTH-800-s50,1,0.4000,True,0,0,24.38,160,0,90292.7,
ORTEC-SYNTH-800-s50_dyn5e,ORTEC-SYNTH-800-s50,2,0.6000,True,0,0,29.76,160,0,104721.1,
ORTEC-SYNTH-800-s50_dyn5e,ORTEC-SYNTH-800-s50,3,0.8000,True,0,0,17.7,160,0,95047.1,
ORTEC-SYNTH-800-s50_dyn5e,ORTEC-SYNTH-800-s50,4,1.0000,True,0,0,14.42,160,0,93568.3,
ORTEC-SYNTH-800-s49_dyn5e,ORTEC-SYNTH-800-s49,0,0.2000,True,0,0,30.79,160,0,95527.4,
ORTEC-SYNTH-800-s49_dyn5e,ORTEC-SYNTH-800-s49,1,0.2000,False,0,0,120.08,0,160,0.0,
ORTEC-SYNTH-800-s49_dyn5e,ORTEC-SYNTH-800-s49,2,0.2000,False,0,0,120.08,0,320,0.0,
ORTEC-SYNTH-800-s49_dyn5e,ORTEC-SYNTH-800-s49,3,0.2000,False,0,0,120.14,0,480,0.0,
ORTEC-SYNTH-800-s49_dyn5e,ORTEC-SYNTH-800-s49,4,0.2000,False,0,0,120.22,0,640,0.0,
