timestamp,scenario,base_instance,num_epochs,solver,time_limit_sec,overall_served_rate,overall_feasible,total_late_violations,total_capacity_violations,total_distance,total_runtime_sec,error
2026-05-02T12:24:58.656604,ORTEC-SYNTH-300-s101_dyn5e,ORTEC-SYNTH-300-s101,5,ortools,30,1.0000,True,0,0,243853.8,13.31,
2026-05-02T12:24:58.656604,ORTEC-SYNTH-300-s100_dyn5e,ORTEC-SYNTH-300-s100,5,ortools,30,1.0000,True,0,0,220713.0,14.31,
2026-05-02T13:52:58.651300,ORTEC-SYNTH-300-s103_dyn5e,ORTEC-SYNTH-300-s103,5,ortools,120,1.0000,True,0,0,255963.9,40.3,
2026-05-02T13:52:58.651300,ORTEC-SYNTH-300-s102_dyn5e,ORTEC-SYNTH-300-s102,5,ortools,120,1.0000,True,0,0,209815.9,40.59,
2026-05-02T13:52:58.652300,ORTEC-SYNTH-300-s104_dyn5e,ORTEC-SYNTH-300-s104,5,ortools,120,1.0000,True,0,0,228515.8,51.09,
2026-05-02T13:52:58.700504,ORTEC-SYNTH-300-s105_dyn5e,ORTEC-SYNTH-300-s105,5,ortools,120,1.0000,True,0,0,258852.9,51.9,
2026-05-02T13:53:38.949790,ORTEC-SYNTH-300-s106_dyn5e,ORTEC-SYNTH-300-s106,5,ortools,120,1.0000,True,0,0,275539.0,42.67,
2026-05-02T13:53:39.238852,ORTEC-SYNTH-300-s107_dyn5e,ORTEC-SYNTH-300-s107,5,ortools,120,1.0000,True,0,0,228102.0,42.92,
2026-05-02T13:53:49.746488,ORTEC-SYNTH-300-s108_dyn5e,ORTEC-SYNTH-300-s108,5,ortools,120,1.0000,True,0,0,253528.2,41.91,
2026-05-02T13:53:50.598567,ORTEC-SYNTH-300-s109_dyn5e,ORTEC-SYNTH-300-s109,5,ortools,120,1.0000,True,0,0,238404.9,44.52,
2026-05-02T13:54:22.161156,ORTEC-SYNTH-300-s111_dyn5e,ORTEC-SYNTH-300-s111,5,ortools,120,1.0000,True,0,0,242569.9,40.87,
2026-05-02T13:54:21.618638,ORTEC-SYNTH-300-s110_dyn5e,ORTEC-SYNTH-300-s110,5,ortools,120,1.0000,True,0,0,231008.9,43.51,
2026-05-02T13:54:31.658098,ORTEC-SYNTH-300-s42_dyn5e,ORTEC-SYNTH-300-s42,5,ortools,120,1.0000,True,0,0,243324.9,43.06,
2026-05-02T13:54:35.116264,ORTEC-SYNTH-300-s43_dyn5e,ORTEC-SYNTH-300-s43,5,ortools,120,1.0000,True,0,0,242692.8,47.18,
2026-05-02T13:55:03.034551,ORTEC-SYNTH-300-s44_dyn5e,ORTEC-SYNTH-300-s44,5,ortools,120,1.0000,True,0,0,218085.9,44.38,
2026-05-02T13:55:05.132851,ORTEC-SYNTH-300-s45_dyn5e,ORTEC-SYNTH-300-s45,5,ortools,120,1.0000,True,0,0,220230.4,43.69,
2026-05-02T13:55:14.721827,ORTEC-SYNTH-300-s46_dyn5e,ORTEC-SYNTH-300-s46,5,ortools,120,1.0000,True,0,0,230800.8,45.29,
2026-05-02T13:55:22.300120,ORTEC-SYNTH-300-s47_dyn5e,ORTEC-SYNTH-300-s47,5,ortools,120,1.0000,True,0,0,180380.2,38.16,
2026-05-02T13:55:48.828104,ORTEC-SYNTH-300-s49_dyn5e,ORTEC-SYNTH-300-s49,5,ortools,120,1.0000,True,0,0,250376.8,40.35,
2026-05-02T13:55:47.420572,ORTEC-SYNTH-300-s48_dyn5e,ORTEC-SYNTH-300-s48,5,ortools,120,1.0000,True,0,0,240022.9,45.97,
2026-05-02T13:56:00.014632,ORTEC-SYNTH-300-s50_dyn5e,ORTEC-SYNTH-300-s50,5,ortools,120,1.0000,True,0,0,226162.8,43.01,
2026-05-02T13:56:00.458254,ORTEC-SYNTH-300-s51_dyn5e,ORTEC-SYNTH-300-s51,5,ortools,120,1.0000,True,0,0,227368.4,45.29,
2026-05-02T13:56:29.177883,ORTEC-SYNTH-300-s52_dyn5e,ORTEC-SYNTH-300-s52,5,ortools,120,1.0000,True,0,0,256249.2,39.79,
2026-05-02T13:56:33.389351,ORTEC-SYNTH-300-s53_dyn5e,ORTEC-SYNTH-300-s53,5,ortools,120,1.0000,True,0,0,205152.2,47.27,
2026-05-02T13:56:43.026228,ORTEC-SYNTH-300-s54_dyn5e,ORTEC-SYNTH-300-s54,5,ortools,120,1.0000,True,0,0,268943.4,41.49,
2026-05-02T13:56:45.747042,ORTEC-SYNTH-300-s55_dyn5e,ORTEC-SYNTH-300-s55,5,ortools,120,1.0000,True,0,0,254681.5,52.68,
2026-05-02T13:57:08.973713,ORTEC-SYNTH-300-s56_dyn5e,ORTEC-SYNTH-300-s56,5,ortools,120,1.0000,True,0,0,236916.4,42.46,
2026-05-02T13:57:20.663708,ORTEC-SYNTH-300-s57_dyn5e,ORTEC-SYNTH-300-s57,5,ortools,120,1.0000,True,0,0,254657.6,44.7,
2026-05-02T13:57:24.520388,ORTEC-SYNTH-300-s58_dyn5e,ORTEC-SYNTH-300-s58,5,ortools,120,1.0000,True,0,0,251069.2,46.38,
2026-05-02T13:57:51.433813,ORTEC-SYNTH-300-s60_dyn5e,ORTEC-SYNTH-300-s60,5,ortools,120,1.0000,True,0,0,228005.8,42.85,
2026-05-02T13:58:05.365699,ORTEC-SYNTH-300-s61_dyn5e,ORTEC-SYNTH-300-s61,5,ortools,120,1.0000,True,0,0,213864.2,35.38,
2026-05-02T13:58:10.904173,ORTEC-SYNTH-300-s62_dyn5e,ORTEC-SYNTH-300-s62,5,ortools,120,1.0000,True,0,0,276947.9,46.51,
2026-05-02T13:58:34.284052,ORTEC-SYNTH-300-s63_dyn5e,ORTEC-SYNTH-300-s63,5,ortools,120,1.0000,True,0,0,257780.0,40.18,
2026-05-02T13:58:40.749413,ORTEC-SYNTH-300-s64_dyn5e,ORTEC-SYNTH-300-s64,5,ortools,120,1.0000,True,0,0,253519.5,48.5,
2026-05-02T13:58:57.415072,ORTEC-SYNTH-300-s65_dyn5e,ORTEC-SYNTH-300-s65,5,ortools,120,1.0000,True,0,0,208585.9,45.31,
2026-05-02T13:59:14.469378,ORTEC-SYNTH-300-s66_dyn5e,ORTEC-SYNTH-300-s66,5,ortools,120,1.0000,True,0,0,228587.1,37.78,
2026-05-02T13:59:29.252160,ORTEC-SYNTH-300-s67_dyn5e,ORTEC-SYNTH-300-s67,5,ortools,120,1.0000,True,0,0,279429.9,43.58,
2026-05-02T13:59:52.249666,ORTEC-SYNTH-300-s69_dyn5e,ORTEC-SYNTH-300-s69,5,ortools,120,1.0000,True,0,0,274716.6,35.38,
2026-05-02T14:00:12.839000,ORTEC-SYNTH-300-s70_dyn5e,ORTEC-SYNTH-300-s70,5,ortools,120,1.0000,True,0,0,296513.9,41.04,
2026-05-02T14:00:53.880574,ORTEC-SYNTH-300-s72_dyn5e,ORTEC-SYNTH-300-s72,5,ortools,120,1.0000,True,0,0,245897.7,48.04,
2026-05-02T13:57:38.423177,ORTEC-SYNTH-300-s59_dyn5e,ORTEC-SYNTH-300-s59,5,ortools,120,0.6000,False,0,0,164420.2,264.18,
2026-05-02T14:01:41.939699,ORTEC-SYNTH-300-s73_dyn5e,ORTEC-SYNTH-300-s73,5,ortools,120,1.0000,True,0,0,179740.0,40.83,
2026-05-02T14:02:02.605511,ORTEC-SYNTH-300-s74_dyn5e,ORTEC-SYNTH-300-s74,5,ortools,120,1.0000,True,0,0,250967.0,49.03,
2026-05-02T14:02:22.774632,ORTEC-SYNTH-300-s75_dyn5e,ORTEC-SYNTH-300-s75,5,ortools,120,1.0000,True,0,0,205740.4,53.77,
2026-05-02T14:02:51.639490,ORTEC-SYNTH-300-s76_dyn5e,ORTEC-SYNTH-300-s76,5,ortools,120,1.0000,True,0,0,245846.5,43.74,
2026-05-02T14:03:35.379352,ORTEC-SYNTH-300-s78_dyn5e,ORTEC-SYNTH-300-s78,5,ortools,120,1.0000,True,0,0,267188.7,47.86,
2026-05-02T14:00:27.633413,ORTEC-SYNTH-300-s71_dyn5e,ORTEC-SYNTH-300-s71,5,ortools,120,0.6000,False,0,0,143932.5,267.69,
2026-05-02T14:04:23.240529,ORTEC-SYNTH-300-s79_dyn5e,ORTEC-SYNTH-300-s79,5,ortools,120,1.0000,True,0,0,224989.6,46.17,
2026-05-02T14:04:55.328427,ORTEC-SYNTH-300-s80_dyn5e,ORTEC-SYNTH-300-s80,5,ortools,120,1.0000,True,0,0,222511.3,45.67,
2026-05-02T14:05:09.409982,ORTEC-SYNTH-300-s81_dyn5e,ORTEC-SYNTH-300-s81,5,ortools,120,1.0000,True,0,0,208832.5,39.51,
2026-05-02T13:59:42.723355,ORTEC-SYNTH-300-s68_dyn5e,ORTEC-SYNTH-300-s68,5,ortools,120,0.4000,False,0,0,111767.5,386.76,
2026-05-02T14:05:40.995133,ORTEC-SYNTH-300-s82_dyn5e,ORTEC-SYNTH-300-s82,5,ortools,120,1.0000,True,0,0,207411.4,48.63,
2026-05-02T14:05:48.917143,ORTEC-SYNTH-300-s83_dyn5e,ORTEC-SYNTH-300-s83,5,ortools,120,1.0000,True,0,0,236480.8,47.2,
2026-05-02T14:06:09.486331,ORTEC-SYNTH-300-s84_dyn5e,ORTEC-SYNTH-300-s84,5,ortools,120,1.0000,True,0,0,294100.1,40.78,
2026-05-02T14:06:29.638174,ORTEC-SYNTH-300-s85_dyn5e,ORTEC-SYNTH-300-s85,5,ortools,120,1.0000,True,0,0,242601.4,44.96,
2026-05-02T14:06:36.119564,ORTEC-SYNTH-300-s86_dyn5e,ORTEC-SYNTH-300-s86,5,ortools,120,1.0000,True,0,0,259492.3,45.61,
2026-05-02T14:06:50.287802,ORTEC-SYNTH-300-s87_dyn5e,ORTEC-SYNTH-300-s87,5,ortools,120,1.0000,True,0,0,237797.4,49.76,
2026-05-02T14:07:21.731147,ORTEC-SYNTH-300-s89_dyn5e,ORTEC-SYNTH-300-s89,5,ortools,120,1.0000,True,0,0,303494.4,54.28,
2026-05-02T14:07:40.048046,ORTEC-SYNTH-300-s90_dyn5e,ORTEC-SYNTH-300-s90,5,ortools,120,1.0000,True,0,0,233001.2,43.71,
2026-05-02T14:08:23.764997,ORTEC-SYNTH-300-s92_dyn5e,ORTEC-SYNTH-300-s92,5,ortools,120,1.0000,True,0,0,201530.4,50.01,
2026-05-02T14:09:13.772627,ORTEC-SYNTH-300-s93_dyn5e,ORTEC-SYNTH-300-s93,5,ortools,120,1.0000,True,0,0,221217.0,40.93,
2026-05-02T14:09:54.706041,ORTEC-SYNTH-300-s94_dyn5e,ORTEC-SYNTH-300-s94,5,ortools,120,1.0000,True,0,0,211252.2,50.97,
2026-05-02T14:03:16.543139,ORTEC-SYNTH-300-s77_dyn5e,ORTEC-SYNTH-300-s77,5,ortools,120,0.2000,False,0,0,48137.5,489.78,
2026-05-02T14:10:45.675259,ORTEC-SYNTH-300-s95_dyn5e,ORTEC-SYNTH-300-s95,5,ortools,120,1.0000,True,0,0,256980.3,49.0,
2026-05-02T14:07:14.595187,ORTEC-SYNTH-300-s88_dyn5e,ORTEC-SYNTH-300-s88,5,ortools,120,0.6000,False,0,0,130229.8,262.74,
2026-05-02T14:11:26.326240,ORTEC-SYNTH-300-s96_dyn5e,ORTEC-SYNTH-300-s96,5,ortools,120,1.0000,True,0,0,255250.4,43.56,
2026-05-02T14:11:34.677413,ORTEC-SYNTH-300-s97_dyn5e,ORTEC-SYNTH-300-s97,5,ortools,120,1.0000,True,0,0,238521.2,36.41,
2026-05-02T14:11:37.331694,ORTEC-SYNTH-300-s98_dyn5e,ORTEC-SYNTH-300-s98,5,ortools,120,1.0000,True,0,0,236830.7,44.42,
2026-05-02T14:12:09.892820,ORTEC-SYNTH-300-s99_dyn5e,ORTEC-SYNTH-300-s99,5,ortools,120,1.0000,True,0,0,228150.9,42.93,
2026-05-02T14:12:11.091209,ORTEC-SYNTH-500-s200_dyn5e,ORTEC-SYNTH-500-s200,5,ortools,120,1.0000,True,0,0,398660.4,81.32,
2026-05-02T14:12:21.748069,ORTEC-SYNTH-500-s201_dyn5e,ORTEC-SYNTH-500-s201,5,ortools,120,1.0000,True,0,0,345756.2,73.37,
2026-05-02T14:12:52.824199,ORTEC-SYNTH-500-s202_dyn5e,ORTEC-SYNTH-500-s202,5,ortools,120,1.0000,True,0,0,355861.6,92.14,
2026-05-02T14:13:35.122357,ORTEC-SYNTH-500-s204_dyn5e,ORTEC-SYNTH-500-s204,5,ortools,120,1.0000,True,0,0,320925.2,69.41,
2026-05-02T14:13:32.416167,ORTEC-SYNTH-500-s203_dyn5e,ORTEC-SYNTH-500-s203,5,ortools,120,1.0000,True,0,0,346341.1,81.82,
2026-05-02T14:14:24.987613,ORTEC-SYNTH-500-s205_dyn5e,ORTEC-SYNTH-500-s205,5,ortools,120,1.0000,True,0,0,316903.8,73.97,
2026-05-02T14:14:54.238261,ORTEC-SYNTH-500-s207_dyn5e,ORTEC-SYNTH-500-s207,5,ortools,120,1.0000,True,0,0,330030.6,79.01,
2026-05-02T14:15:38.956313,ORTEC-SYNTH-500-s208_dyn5e,ORTEC-SYNTH-500-s208,5,ortools,120,1.0000,True,0,0,357168.5,87.54,
2026-05-02T14:17:06.514452,ORTEC-SYNTH-500-s210_dyn5e,ORTEC-SYNTH-500-s210,5,ortools,120,1.0000,True,0,0,330430.5,87.09,
2026-05-02T14:14:44.533399,ORTEC-SYNTH-500-s206_dyn5e,ORTEC-SYNTH-500-s206,5,ortools,120,0.6000,False,0,0,226651.1,281.62,
2026-05-02T14:18:33.607019,ORTEC-SYNTH-500-s211_dyn5e,ORTEC-SYNTH-500-s211,5,ortools,120,1.0000,True,0,0,349354.7,80.39,
2026-05-02T14:08:16.010501,ORTEC-SYNTH-300-s91_dyn5e,ORTEC-SYNTH-300-s91,5,ortools,120,0.0000,False,0,0,0.0,723.67,
2026-05-02T14:19:26.153653,ORTEC-SYNTH-500-s212_dyn5e,ORTEC-SYNTH-500-s212,5,ortools,120,1.0000,True,0,0,350505.3,89.12,
2026-05-02T14:19:53.998100,ORTEC-SYNTH-500-s213_dyn5e,ORTEC-SYNTH-500-s213,5,ortools,120,1.0000,True,0,0,306554.7,76.2,
2026-05-02T14:20:19.680630,ORTEC-SYNTH-500-s214_dyn5e,ORTEC-SYNTH-500-s214,5,ortools,120,1.0000,True,0,0,284402.9,81.5,
2026-05-02T14:20:55.281452,ORTEC-SYNTH-500-s215_dyn5e,ORTEC-SYNTH-500-s215,5,ortools,120,1.0000,True,0,0,408846.7,83.16,
2026-05-02T14:21:10.202172,ORTEC-SYNTH-500-s216_dyn5e,ORTEC-SYNTH-500-s216,5,ortools,120,1.0000,True,0,0,282749.4,72.59,
2026-05-02T14:21:41.187714,ORTEC-SYNTH-500-s217_dyn5e,ORTEC-SYNTH-500-s217,5,ortools,120,1.0000,True,0,0,333434.0,89.83,
2026-05-02T14:22:22.796882,ORTEC-SYNTH-500-s219_dyn5e,ORTEC-SYNTH-500-s219,5,ortools,120,1.0000,True,0,0,374925.0,80.56,
2026-05-02T14:23:11.023693,ORTEC-SYNTH-500-s220_dyn5e,ORTEC-SYNTH-500-s220,5,ortools,120,1.0000,True,0,0,312171.9,75.29,
2026-05-02T14:23:43.434625,ORTEC-SYNTH-500-s221_dyn5e,ORTEC-SYNTH-500-s221,5,ortools,120,1.0000,True,0,0,330050.6,75.35,
2026-05-02T14:22:18.524883,ORTEC-SYNTH-500-s218_dyn5e,ORTEC-SYNTH-500-s218,5,ortools,120,0.8000,False,0,0,299429.3,189.96,
2026-05-02T14:24:26.317349,ORTEC-SYNTH-500-s222_dyn5e,ORTEC-SYNTH-500-s222,5,ortools,120,1.0000,True,0,0,387164.6,91.38,
2026-05-02T14:24:58.785684,ORTEC-SYNTH-500-s223_dyn5e,ORTEC-SYNTH-500-s223,5,ortools,120,1.0000,True,0,0,259286.0,81.16,
2026-05-02T14:25:28.487698,ORTEC-SYNTH-500-s224_dyn5e,ORTEC-SYNTH-500-s224,5,ortools,120,1.0000,True,0,0,325257.5,81.12,
2026-05-02T14:25:57.711058,ORTEC-SYNTH-500-s225_dyn5e,ORTEC-SYNTH-500-s225,5,ortools,120,1.0000,True,0,0,369658.3,87.05,
2026-05-02T14:26:19.963239,ORTEC-SYNTH-500-s226_dyn5e,ORTEC-SYNTH-500-s226,5,ortools,120,1.0000,True,0,0,303756.4,82.02,
2026-05-02T14:26:49.613387,ORTEC-SYNTH-500-s227_dyn5e,ORTEC-SYNTH-500-s227,5,ortools,120,1.0000,True,0,0,336232.1,80.83,
2026-05-02T14:16:13.247539,ORTEC-SYNTH-500-s209_dyn5e,ORTEC-SYNTH-500-s209,5,ortools,120,0.0000,False,0,0,0.0,724.06,
2026-05-02T14:27:24.762582,ORTEC-SYNTH-500-s228_dyn5e,ORTEC-SYNTH-500-s228,5,ortools,120,1.0000,True,0,0,366045.1,80.2,
2026-05-02T14:27:42.021583,ORTEC-SYNTH-500-s229_dyn5e,ORTEC-SYNTH-500-s229,5,ortools,120,1.0000,True,0,0,298864.0,80.37,
2026-05-02T14:28:10.445025,ORTEC-SYNTH-500-s230_dyn5e,ORTEC-SYNTH-500-s230,5,ortools,120,1.0000,True,0,0,325582.3,84.36,
2026-05-02T14:28:17.312869,ORTEC-SYNTH-500-s231_dyn5e,ORTEC-SYNTH-500-s231,5,ortools,120,1.0000,True,0,0,341158.6,81.91,
2026-05-02T14:29:02.390976,ORTEC-SYNTH-500-s233_dyn5e,ORTEC-SYNTH-500-s233,5,ortools,120,1.0000,True,0,0,305359.3,71.07,
2026-05-02T14:28:44.967747,ORTEC-SYNTH-500-s232_dyn5e,ORTEC-SYNTH-500-s232,5,ortools,120,1.0000,True,0,0,349096.4,92.23,
2026-05-02T14:29:34.809598,ORTEC-SYNTH-500-s234_dyn5e,ORTEC-SYNTH-500-s234,5,ortools,120,1.0000,True,0,0,338506.5,79.71,
2026-05-02T14:29:39.221473,ORTEC-SYNTH-500-s235_dyn5e,ORTEC-SYNTH-500-s235,5,ortools,120,1.0000,True,0,0,369056.0,91.71,
2026-05-02T14:30:13.468097,ORTEC-SYNTH-500-s236_dyn5e,ORTEC-SYNTH-500-s236,5,ortools,120,1.0000,True,0,0,337398.0,81.76,
2026-05-02T14:30:17.221835,ORTEC-SYNTH-500-s237_dyn5e,ORTEC-SYNTH-500-s237,5,ortools,120,1.0000,True,0,0,371892.8,79.11,
2026-05-02T14:31:10.934376,ORTEC-SYNTH-500-s239_dyn5e,ORTEC-SYNTH-500-s239,5,ortools,120,1.0000,True,0,0,362962.4,81.7,
2026-05-02T14:31:35.230136,ORTEC-SYNTH-500-s240_dyn5e,ORTEC-SYNTH-500-s240,5,ortools,120,1.0000,True,0,0,375601.6,70.09,
2026-05-02T14:31:36.342342,ORTEC-SYNTH-500-s241_dyn5e,ORTEC-SYNTH-500-s241,5,ortools,120,1.0000,True,0,0,321313.4,93.36,
2026-05-02T14:32:32.638062,ORTEC-SYNTH-500-s242_dyn5e,ORTEC-SYNTH-500-s242,5,ortools,120,1.0000,True,0,0,317070.4,75.09,
2026-05-02T14:30:54.519093,ORTEC-SYNTH-500-s238_dyn5e,ORTEC-SYNTH-500-s238,5,ortools,120,0.8000,False,0,0,329385.6,182.41,
2026-05-02T14:32:45.557529,ORTEC-SYNTH-500-s243_dyn5e,ORTEC-SYNTH-500-s243,5,ortools,120,1.0000,True,0,0,298901.1,84.55,
2026-05-02T14:33:09.705437,ORTEC-SYNTH-500-s244_dyn5e,ORTEC-SYNTH-500-s244,5,ortools,120,1.0000,True,0,0,340789.8,95.3,
2026-05-02T14:33:47.729327,ORTEC-SYNTH-500-s245_dyn5e,ORTEC-SYNTH-500-s245,5,ortools,120,1.0000,True,0,0,353221.7,91.28,
2026-05-02T14:33:56.928404,ORTEC-SYNTH-500-s246_dyn5e,ORTEC-SYNTH-500-s246,5,ortools,120,1.0000,True,0,0,315823.8,85.02,
2026-05-02T14:34:10.128297,ORTEC-SYNTH-500-s247_dyn5e,ORTEC-SYNTH-500-s247,5,ortools,120,1.0000,True,0,0,355350.6,104.61,
2026-05-02T14:34:45.011704,ORTEC-SYNTH-500-s248_dyn5e,ORTEC-SYNTH-500-s248,5,ortools,120,1.0000,True,0,0,302568.8,98.53,
2026-05-02T14:35:19.015609,ORTEC-SYNTH-500-s249_dyn5e,ORTEC-SYNTH-500-s249,5,ortools,120,1.0000,True,0,0,315003.9,91.39,
2026-05-02T14:35:54.742353,ORTEC-SYNTH-500-s251_dyn5e,ORTEC-SYNTH-500-s251,5,ortools,120,1.0000,True,0,0,250370.8,92.64,
2026-05-02T14:36:50.411181,ORTEC-SYNTH-500-s253_dyn5e,ORTEC-SYNTH-500-s253,5,ortools,120,1.0000,True,0,0,353606.4,88.64,
2026-05-02T14:37:27.406037,ORTEC-SYNTH-500-s254_dyn5e,ORTEC-SYNTH-500-s254,5,ortools,120,1.0000,True,0,0,323204.8,87.44,
2026-05-02T14:38:54.853748,ORTEC-SYNTH-500-s256_dyn5e,ORTEC-SYNTH-500-s256,5,ortools,120,1.0000,True,0,0,333312.9,86.58,
2026-05-02T14:40:21.437577,ORTEC-SYNTH-500-s257_dyn5e,ORTEC-SYNTH-500-s257,5,ortools,120,1.0000,True,0,0,344526.1,84.37,
2026-05-02T14:36:23.550619,ORTEC-SYNTH-500-s252_dyn5e,ORTEC-SYNTH-500-s252,5,ortools,120,0.4000,False,0,0,133366.2,397.42,
2026-05-02T14:41:46.010915,ORTEC-SYNTH-500-s258_dyn5e,ORTEC-SYNTH-500-s258,5,ortools,120,1.0000,True,0,0,375600.1,86.29,
2026-05-02T14:43:00.978057,ORTEC-SYNTH-500-s259_dyn5e,ORTEC-SYNTH-500-s259,5,ortools,120,1.0000,True,0,0,345375.0,87.22,
2026-05-02T14:43:12.303650,ORTEC-SYNTH-500-s260_dyn5e,ORTEC-SYNTH-500-s260,5,ortools,120,1.0000,True,0,0,308212.1,100.66,
2026-05-02T14:38:19.085782,ORTEC-SYNTH-500-s255_dyn5e,ORTEC-SYNTH-500-s255,5,ortools,120,0.4000,False,0,0,149610.6,397.33,
2026-05-02T14:44:28.237273,ORTEC-SYNTH-500-s261_dyn5e,ORTEC-SYNTH-500-s261,5,ortools,120,1.0000,True,0,0,397564.7,89.23,
2026-05-02T14:44:52.963228,ORTEC-SYNTH-500-s262_dyn5e,ORTEC-SYNTH-500-s262,5,ortools,120,1.0000,True,0,0,265097.0,76.61,
2026-05-02T14:44:56.422801,ORTEC-SYNTH-500-s263_dyn5e,ORTEC-SYNTH-500-s263,5,ortools,120,1.0000,True,0,0,333042.0,93.58,
2026-05-02T14:35:21.966626,ORTEC-SYNTH-500-s250_dyn5e,ORTEC-SYNTH-500-s250,5,ortools,120,0.0000,False,0,0,0.0,725.46,
2026-05-02T14:45:57.467547,ORTEC-SYNTH-500-s264_dyn5e,ORTEC-SYNTH-500-s264,5,ortools,120,1.0000,True,0,0,300625.4,90.08,
2026-05-02T14:46:09.581061,ORTEC-SYNTH-500-s265_dyn5e,ORTEC-SYNTH-500-s265,5,ortools,120,1.0000,True,0,0,293793.4,91.74,
2026-05-02T14:46:30.005438,ORTEC-SYNTH-500-s266_dyn5e,ORTEC-SYNTH-500-s266,5,ortools,120,1.0000,True,0,0,319507.3,89.49,
2026-05-02T14:47:27.547265,ORTEC-SYNTH-500-s268_dyn5e,ORTEC-SYNTH-500-s268,5,ortools,120,1.0000,True,0,0,312508.8,78.61,
2026-05-02T14:47:27.432745,ORTEC-SYNTH-500-s267_dyn5e,ORTEC-SYNTH-500-s267,5,ortools,120,1.0000,True,0,0,332850.8,86.2,
2026-05-02T14:47:41.325651,ORTEC-SYNTH-500-s269_dyn5e,ORTEC-SYNTH-500-s269,5,ortools,120,1.0000,True,0,0,399723.6,104.37,
2026-05-02T14:47:59.504975,ORTEC-SYNTH-500-s45_dyn5e,ORTEC-SYNTH-500-s45,5,ortools,120,1.0000,True,0,0,330780.0,94.84,
2026-05-02T14:48:46.160027,ORTEC-SYNTH-500-s46_dyn5e,ORTEC-SYNTH-500-s46,5,ortools,120,1.0000,True,0,0,330103.2,82.44,
2026-05-02T14:48:53.652390,ORTEC-SYNTH-500-s47_dyn5e,ORTEC-SYNTH-500-s47,5,ortools,120,1.0000,True,0,0,252650.3,80.84,
2026-05-02T14:49:25.749095,ORTEC-SYNTH-800-s400_dyn5e,ORTEC-SYNTH-800-s400,5,ortools,120,1.0000,True,0,0,459230.1,160.67,
2026-05-02T14:49:34.352262,ORTEC-SYNTH-800-s401_dyn5e,ORTEC-SYNTH-800-s401,5,ortools,120,1.0000,True,0,0,467129.5,163.53,
2026-05-02T14:50:14.494662,ORTEC-SYNTH-800-s403_dyn5e,ORTEC-SYNTH-800-s403,5,ortools,120,1.0000,True,0,0,488421.2,183.13,
2026-05-02T14:52:17.992276,ORTEC-SYNTH-800-s405_dyn5e,ORTEC-SYNTH-800-s405,5,ortools,120,1.0000,True,0,0,521427.0,168.26,
2026-05-02T14:53:17.641990,ORTEC-SYNTH-800-s406_dyn5e,ORTEC-SYNTH-800-s406,5,ortools,120,1.0000,True,0,0,422515.2,145.11,
2026-05-02T14:55:42.771728,ORTEC-SYNTH-800-s408_dyn5e,ORTEC-SYNTH-800-s408,5,ortools,120,1.0000,True,0,0,453503.7,160.38,
2026-05-02T14:50:08.602852,ORTEC-SYNTH-800-s402_dyn5e,ORTEC-SYNTH-800-s402,5,ortools,120,0.2000,False,0,0,81890.6,520.94,
2026-05-02T14:55:06.274064,ORTEC-SYNTH-800-s407_dyn5e,ORTEC-SYNTH-800-s407,5,ortools,120,0.6000,False,0,0,287182.4,349.8,
2026-05-02T14:58:23.205137,ORTEC-SYNTH-800-s409_dyn5e,ORTEC-SYNTH-800-s409,5,ortools,120,1.0000,True,0,0,476652.2,158.15,
2026-05-02T15:00:56.101279,ORTEC-SYNTH-800-s411_dyn5e,ORTEC-SYNTH-800-s411,5,ortools,120,1.0000,True,0,0,485548.1,139.52,
2026-05-02T15:01:01.385137,ORTEC-SYNTH-800-s412_dyn5e,ORTEC-SYNTH-800-s412,5,ortools,120,1.0000,True,0,0,577425.0,168.54,
2026-05-02T14:52:06.575542,ORTEC-SYNTH-800-s404_dyn5e,ORTEC-SYNTH-800-s404,5,ortools,120,0.0000,False,0,0,0.0,728.89,
2026-05-02T15:03:15.628907,ORTEC-SYNTH-800-s413_dyn5e,ORTEC-SYNTH-800-s413,5,ortools,120,1.0000,True,0,0,492381.3,153.45,
2026-05-02T15:03:49.941342,ORTEC-SYNTH-800-s414_dyn5e,ORTEC-SYNTH-800-s414,5,ortools,120,1.0000,True,0,0,504262.2,148.41,
2026-05-02T15:04:15.498140,ORTEC-SYNTH-800-s415_dyn5e,ORTEC-SYNTH-800-s415,5,ortools,120,1.0000,True,0,0,469753.1,151.03,
2026-05-02T14:58:49.559023,ORTEC-SYNTH-800-s410_dyn5e,ORTEC-SYNTH-800-s410,5,ortools,120,0.2000,False,0,0,119175.1,512.28,
2026-05-02T15:05:49.179043,ORTEC-SYNTH-800-s416_dyn5e,ORTEC-SYNTH-800-s416,5,ortools,120,1.0000,True,0,0,456822.4,159.8,
2026-05-02T15:07:21.872260,ORTEC-SYNTH-800-s419_dyn5e,ORTEC-SYNTH-800-s419,5,ortools,120,1.0000,True,0,0,500265.7,163.62,
2026-05-02T15:08:28.988734,ORTEC-SYNTH-800-s420_dyn5e,ORTEC-SYNTH-800-s420,5,ortools,120,1.0000,True,0,0,533266.5,194.48,
2026-05-02T15:10:05.700203,ORTEC-SYNTH-800-s421_dyn5e,ORTEC-SYNTH-800-s421,5,ortools,120,1.0000,True,0,0,395378.4,166.11,
2026-05-02T15:11:43.488836,ORTEC-SYNTH-800-s422_dyn5e,ORTEC-SYNTH-800-s422,5,ortools,120,1.0000,True,0,0,482935.3,181.01,
2026-05-02T15:06:46.551323,ORTEC-SYNTH-800-s418_dyn5e,ORTEC-SYNTH-800-s418,5,ortools,120,0.2000,False,0,0,90916.6,516.04,
2026-05-02T15:12:51.828297,ORTEC-SYNTH-800-s423_dyn5e,ORTEC-SYNTH-800-s423,5,ortools,120,1.0000,True,0,0,453864.9,166.21,
2026-05-02T15:14:44.532259,ORTEC-SYNTH-800-s424_dyn5e,ORTEC-SYNTH-800-s424,5,ortools,120,1.0000,True,0,0,466842.7,172.93,
2026-05-02T15:15:22.740979,ORTEC-SYNTH-800-s425_dyn5e,ORTEC-SYNTH-800-s425,5,ortools,120,1.0000,True,0,0,462173.8,167.98,
2026-05-02T15:06:18.418225,ORTEC-SYNTH-800-s417_dyn5e,ORTEC-SYNTH-800-s417,5,ortools,120,0.0000,False,0,0,0.0,727.52,
2026-05-02T15:17:37.561663,ORTEC-SYNTH-800-s427_dyn5e,ORTEC-SYNTH-800-s427,5,ortools,120,1.0000,True,0,0,522798.3,169.88,
2026-05-02T15:20:27.466929,ORTEC-SYNTH-800-s430_dyn5e,ORTEC-SYNTH-800-s430,5,ortools,120,1.0000,True,0,0,479778.7,179.89,
2026-05-02T15:15:38.050137,ORTEC-SYNTH-800-s426_dyn5e,ORTEC-SYNTH-800-s426,5,ortools,120,0.2000,False,0,0,99576.3,512.69,
2026-05-02T15:18:25.945259,ORTEC-SYNTH-800-s429_dyn5e,ORTEC-SYNTH-800-s429,5,ortools,120,0.2000,False,0,0,94733.6,523.09,
2026-05-02T15:24:10.831318,ORTEC-SYNTH-800-s432_dyn5e,ORTEC-SYNTH-800-s432,5,ortools,120,1.0000,True,0,0,476632.3,186.08,
2026-05-02T15:27:16.930485,ORTEC-SYNTH-800-s434_dyn5e,ORTEC-SYNTH-800-s434,5,ortools,120,1.0000,True,0,0,453503.9,141.06,
2026-05-02T15:18:10.737921,ORTEC-SYNTH-800-s428_dyn5e,ORTEC-SYNTH-800-s428,5,ortools,120,0.0000,False,0,0,0.0,729.06,
2026-05-02T15:27:09.113775,ORTEC-SYNTH-800-s433_dyn5e,ORTEC-SYNTH-800-s433,5,ortools,120,0.8000,False,0,0,386376.9,238.18,
2026-05-02T15:23:27.376889,ORTEC-SYNTH-800-s431_dyn5e,ORTEC-SYNTH-800-s431,5,ortools,120,0.2000,False,0,0,111540.5,517.15,
2026-05-02T15:32:04.610931,ORTEC-SYNTH-800-s438_dyn5e,ORTEC-SYNTH-800-s438,5,ortools,120,1.0000,True,0,0,487793.9,160.84,
2026-05-02T15:29:37.996764,ORTEC-SYNTH-800-s435_dyn5e,ORTEC-SYNTH-800-s435,5,ortools,120,0.4000,False,0,0,212300.0,395.54,
2026-05-02T15:34:45.475441,ORTEC-SYNTH-800-s439_dyn5e,ORTEC-SYNTH-800-s439,5,ortools,120,1.0000,True,0,0,405688.0,163.22,
2026-05-02T15:37:28.718949,ORTEC-SYNTH-800-s441_dyn5e,ORTEC-SYNTH-800-s441,5,ortools,120,1.0000,True,0,0,475682.5,162.76,
2026-05-02T15:36:13.806718,ORTEC-SYNTH-800-s440_dyn5e,ORTEC-SYNTH-800-s440,5,ortools,120,0.8000,False,0,0,379575.8,237.62,
2026-05-02T15:30:19.801628,ORTEC-SYNTH-800-s436_dyn5e,ORTEC-SYNTH-800-s436,5,ortools,120,0.0000,False,0,0,0.0,729.42,
2026-05-02T15:40:11.494404,ORTEC-SYNTH-800-s442_dyn5e,ORTEC-SYNTH-800-s442,5,ortools,120,1.0000,True,0,0,388047.8,157.48,
2026-05-02T15:31:07.304599,ORTEC-SYNTH-800-s437_dyn5e,ORTEC-SYNTH-800-s437,5,ortools,120,0.0000,False,0,0,0.0,729.5,
2026-05-02T15:42:49.089826,ORTEC-SYNTH-800-s445_dyn5e,ORTEC-SYNTH-800-s445,5,ortools,120,1.0000,True,0,0,448980.3,155.86,
2026-05-02T15:42:29.227808,ORTEC-SYNTH-800-s444_dyn5e,ORTEC-SYNTH-800-s444,5,ortools,120,1.0000,True,0,0,447014.0,177.23,
2026-05-02T15:43:16.847214,ORTEC-SYNTH-800-s446_dyn5e,ORTEC-SYNTH-800-s446,5,ortools,120,1.0000,True,0,0,463781.6,157.02,
2026-05-02T15:45:24.959423,ORTEC-SYNTH-800-s447_dyn5e,ORTEC-SYNTH-800-s447,5,ortools,120,1.0000,True,0,0,376754.5,152.91,
2026-05-02T15:45:26.471557,ORTEC-SYNTH-800-s448_dyn5e,ORTEC-SYNTH-800-s448,5,ortools,120,1.0000,True,0,0,449264.1,164.26,
2026-05-02T15:45:53.874793,ORTEC-SYNTH-800-s449_dyn5e,ORTEC-SYNTH-800-s449,5,ortools,120,1.0000,True,0,0,452035.4,168.4,
2026-05-02T15:48:42.278907,ORTEC-SYNTH-800-s452_dyn5e,ORTEC-SYNTH-800-s452,5,ortools,120,1.0000,True,0,0,494618.4,145.51,
2026-05-02T15:47:57.883631,ORTEC-SYNTH-800-s450_dyn5e,ORTEC-SYNTH-800-s450,5,ortools,120,1.0000,True,0,0,580636.5,195.42,
2026-05-02T15:40:11.494404,ORTEC-SYNTH-800-s443_dyn5e,ORTEC-SYNTH-800-s443,5,ortools,120,0.0000,False,0,0,0.0,731.09,
2026-05-02T15:51:13.329866,ORTEC-SYNTH-800-s454_dyn5e,ORTEC-SYNTH-800-s454,5,ortools,120,1.0000,True,0,0,433553.6,129.46,
2026-05-02T15:51:07.795178,ORTEC-SYNTH-800-s453_dyn5e,ORTEC-SYNTH-800-s453,5,ortools,120,1.0000,True,0,0,466120.3,159.31,
2026-05-02T15:52:22.606486,ORTEC-SYNTH-800-s455_dyn5e,ORTEC-SYNTH-800-s455,5,ortools,120,1.0000,True,0,0,448195.2,140.39,
2026-05-02T15:53:22.901318,ORTEC-SYNTH-800-s456_dyn5e,ORTEC-SYNTH-800-s456,5,ortools,120,1.0000,True,0,0,454297.7,175.84,
2026-05-02T15:53:47.127280,ORTEC-SYNTH-800-s457_dyn5e,ORTEC-SYNTH-800-s457,5,ortools,120,1.0000,True,0,0,447874.0,155.73,
2026-05-02T15:54:43.111274,ORTEC-SYNTH-800-s458_dyn5e,ORTEC-SYNTH-800-s458,5,ortools,120,0.8000,False,0,0,387235.0,252.98,
2026-05-02T15:56:22.878476,ORTEC-SYNTH-800-s48_dyn5e,ORTEC-SYNTH-800-s48,5,ortools,120,1.0000,True,0,0,499458.7,155.72,
2026-05-02T15:56:18.782418,ORTEC-SYNTH-800-s459_dyn5e,ORTEC-SYNTH-800-s459,5,ortools,120,1.0000,True,0,0,488692.3,180.61,
2026-05-02T15:48:10.757201,ORTEC-SYNTH-800-s451_dyn5e,ORTEC-SYNTH-800-s451,5,ortools,120,0.0000,False,0,0,0.0,728.68,
2026-05-02T15:58:58.707372,ORTEC-SYNTH-800-s50_dyn5e,ORTEC-SYNTH-800-s50,5,ortools,120,1.0000,True,0,0,470704.7,112.84,
2026-05-02T15:58:56.116214,ORTEC-SYNTH-800-s49_dyn5e,ORTEC-SYNTH-800-s49,5,ortools,120,0.2000,False,0,0,95527.4,515.61,
